surface_area,density,mass,coordIxx,coordIxy,coordIxz,coordIyx,coordIyy,coordIyz,coordIzx,coordIzy,coordIzz,cgIxx,cgIxy,cgIxz,cgIyx,cgIyy,cgIyz,cgIzx,cgIzy,cgIzz,Component,Component_param_DIAMETER,Component_param_LENGTH,Component_param_WALL_THICKNESS,Component_param_PORT_THICKNESS,Component_param_TOP_CONN_DISP,Component_param_RIGHT_CONN_DISP,Component_param_BOTTOM_CONN_DISP,Component_param_LEFT_CONN_DISP,Component_param_FRONT_ANGLE
1654904.8979358063,1.6e-06,6.835878519572923,68126.09565588951,0.0,0.0,0.0,3139281.568331481,0.0,0.0,0.0,3139281.250560861,68126.09565588951,0.0,0.0,0.0,839691.4449677293,0.0,0.0,0.0,839691.1271971093,PORTED_CYL,200.0,1160.0,3.0,100.0,0.0,0.0,0.0,0.0,0.0
1696618.1269173727,1.6e-06,9.164232081076426,94850.29007814462,0.0,0.0,0.0,4170633.81271296,0.0,0.0,0.0,4170634.2401492856,94850.29007814462,0.0,0.0,0.0,1087785.22507683,0.0,0.0,0.0,1087785.652513156,PORTED_CYL,200.0,1160.0,3.0,120.0,0.0,0.0,0.0,0.0,0.0
1745237.4871402169,1.6e-06,12.51856477450504,135173.20043353576,0.0,0.0,0.0,5650594.82994059,0.0,0.0,0.0,5650594.700029682,135173.20043353576,0.0,0.0,0.0,1439375.266661663,0.0,0.0,0.0,1439375.1367507556,PORTED_CYL,200.0,1160.0,3.0,140.0,0.0,0.0,0.0,0.0,0.0
1752132.8850327132,1.6e-06,15.99345349039613,181109.06067272477,0.0,0.0,0.0,7186586.364259741,0.0,0.0,0.0,7186588.0950875385,181109.06067272477,0.0,0.0,0.0,1806382.4865471811,0.0,0.0,0.0,1806384.217374979,PORTED_CYL,200.0,1160.0,3.0,160.0,0.0,0.0,0.0,0.0,0.0
1754638.871897357,1.6e-06,18.127063158571442,214116.94537089267,0.0,-6.5004980008609925,0.0,8141042.149786227,0.0,-6.5004980008609925,0.0,8141041.593271563,214116.94537089267,0.0,-6.5004980008609925,0.0,2043096.9870370226,0.0,-6.5004980008609925,0.0,2043096.4305223576,PORTED_CYL,200.0,1160.0,3.0,180.0,0.0,0.0,0.0,0.0,0.0
1817874.5323658204,1.6e-06,6.943959651221773,82653.14483829305,0.0,0.0,0.0,3211102.805496693,0.0,0.0,0.0,3211102.7724798177,82653.14483829305,0.0,0.0,0.0,875154.2221503885,0.0,0.0,0.0,875154.1891335134,PORTED_CYL,220.0,1160.0,3.0,100.0,0.0,0.0,0.0,0.0,0.0
1856082.4211569615,1.6e-06,9.025178737258667,110929.74945071607,0.0,0.0,0.0,4135242.9199610013,0.0,0.0,0.0,4135243.218378564,110929.74945071607,0.0,0.0,0.0,1099171.8439295893,0.0,0.0,0.0,1099172.1423471519,PORTED_CYL,220.0,1160.0,3.0,120.0,0.0,0.0,0.0,0.0,0.0
1900473.2826214586,1.6e-06,11.994447886321485,152922.073546868,0.0,0.0,0.0,5448616.979984722,0.0,0.0,0.0,5448616.7356979465,152922.073546868,0.0,0.0,0.0,1413684.741038262,0.0,0.0,0.0,1413684.4967514866,PORTED_CYL,220.0,1160.0,3.0,140.0,0.0,0.0,0.0,0.0,0.0
1940371.7029086857,1.6e-06,16.010219157501986,212370.43624579016,0.0,0.0,0.0,7218883.623838659,0.0,0.0,0.0,7218882.637159636,212370.43624579016,0.0,0.0,0.0,1833035.1755992905,0.0,0.0,0.0,1833034.188920267,PORTED_CYL,220.0,1160.0,3.0,160.0,0.0,0.0,0.0,0.0,0.0
1943824.3166791198,1.6e-06,19.482760939680055,270020.5015527342,0.0,0.0,0.0,8758128.828740932,0.0,0.0,0.0,8758129.01344207,270020.5015527342,0.0,0.0,0.0,2204128.1955150575,0.0,0.0,0.0,2204128.3802161957,PORTED_CYL,220.0,1160.0,3.0,180.0,0.0,0.0,0.0,0.0,0.0
1984697.3490365231,1.6e-06,7.113675813665256,99731.43759284617,0.0,0.0,0.0,3312739.7381357746,0.0,0.0,0.0,3312739.769298864,99731.43759284617,0.0,0.0,0.0,919698.6944856696,0.0,0.0,0.0,919698.7256487592,PORTED_CYL,240.0,1160.0,3.0,100.0,0.0,0.0,0.0,0.0,0.0
2019988.5519862028,1.6e-06,8.998217950166389,129682.10385491703,0.0,0.0,0.0,4151761.0856214585,0.0,0.0,0.0,4151761.0457656626,129682.10385491703,0.0,0.0,0.0,1124759.836795322,0.0,0.0,0.0,1124759.7969395265,PORTED_CYL,240.0,1160.0,3.0,120.0,0.0,0.0,0.0,0.0,0.0
2060919.1146898603,1.6e-06,11.669557154985174,173643.14375946583,0.0,0.0,0.0,5336540.587845614,0.0,0.0,0.0,5336540.82792231,173643.14375946583,0.0,0.0,0.0,1410901.619756427,0.0,0.0,0.0,1410901.859833123,PORTED_CYL,240.0,1160.0,3.0,140.0,0.0,0.0,0.0,0.0,0.0
2107521.3281057756,1.6e-06,15.30710715128092,235817.0563754557,0.0,0.0,0.0,6943945.482113326,0.0,0.0,0.0,6943945.09626966,235817.0563754557,0.0,0.0,0.0,1794634.666466268,0.0,0.0,0.0,1794634.280622602,PORTED_CYL,240.0,1160.0,3.0,160.0,0.0,0.0,0.0,0.0,0.0
2134553.972222579,1.6e-06,19.77837844021133,316366.97232293105,0.0,0.0,0.0,8916088.698082985,0.0,0.0,0.0,8916087.309377544,316366.97232293105,0.0,0.0,0.0,2262642.3373300196,0.0,0.0,0.0,2262640.9486245783,PORTED_CYL,240.0,1160.0,3.0,180.0,0.0,0.0,0.0,0.0,0.0
2155069.7122408072,1.6e-06,7.330661355199473,119593.67590110493,0.0,0.0,0.0,3437984.0179825476,0.0,0.0,0.0,3437983.9705209024,119593.67590110493,0.0,0.0,0.0,971949.0809869794,0.0,0.0,0.0,971949.033525334,PORTED_CYL,260.0,1160.0,3.0,100.0,0.0,0.0,0.0,0.0,0.0
2187885.558604897,1.6e-06,9.05424744482845,151303.49541915173,0.0,0.0,0.0,4207527.8334457185,0.0,0.0,0.0,4207527.824441838,151303.49541915173,0.0,0.0,0.0,1161678.3107875611,0.0,0.0,0.0,1161678.301783681,PORTED_CYL,260.0,1160.0,3.0,120.0,0.0,0.0,0.0,0.0,0.0
2225909.227999351,1.6e-06,11.48644175571199,197433.06117773784,0.0,0.0,0.0,5289376.305648247,0.0,0.0,0.0,5289377.923660042,197433.06117773784,0.0,0.0,0.0,1425336.4034387993,0.0,0.0,0.0,1425338.0214505936,PORTED_CYL,260.0,1160.0,3.0,140.0,0.0,0.0,0.0,0.0,0.0
2269106.8448671433,1.6e-06,14.776217979165635,261962.5937137429,0.0,0.0,0.0,6747314.519988066,0.0,0.0,0.0,6747314.827961986,261962.5937137429,0.0,0.0,0.0,1776594.8479025715,0.0,0.0,0.0,1776595.1558764926,PORTED_CYL,260.0,1160.0,3.0,160.0,0.0,0.0,0.0,0.0,0.0
2317550.2610011734,1.6e-06,19.09971558395626,349867.15841968695,0.0,0.0,0.0,8656549.11249829,0.0,0.0,0.0,8656549.323621774,349867.15841968695,0.0,0.0,0.0,2231405.039925142,0.0,0.0,0.0,2231405.2510486254,PORTED_CYL,260.0,1160.0,3.0,180.0,0.0,0.0,0.0,0.0,0.0
2328776.4518710407,1.6e-06,7.585338694474019,142483.8697565774,0.0,0.0,0.0,3582749.2667293977,0.0,0.0,0.0,3582750.586412007,142483.8697565774,0.0,0.0,0.0,1031041.3695676946,0.0,0.0,0.0,1031042.6892503037,PORTED_CYL,280.0,1160.0,3.0,100.0,0.0,0.0,0.0,0.0,0.0
2359458.7535870573,1.6e-06,9.17436047001004,176014.72839415353,0.0,0.0,0.0,4294366.9992988,0.0,0.0,0.0,4294367.809133206,176014.72839415353,0.0,0.0,0.0,1208119.7050925759,0.0,0.0,0.0,1208120.5149269816,PORTED_CYL,280.0,1160.0,3.0,120.0,0.0,0.0,0.0,0.0,0.0
2394992.881469297,1.6e-06,11.409067768123625,224450.38983982263,0.0,0.0,0.0,5291491.894453211,0.0,0.0,0.0,5291493.172665104,224450.38983982263,0.0,0.0,0.0,1453429.4890823509,0.0,0.0,0.0,1453430.7672942446,PORTED_CYL,280.0,1160.0,3.0,140.0,0.0,0.0,0.0,0.0,0.0
2435313.3091618945,1.6e-06,14.418163900950901,291643.41691749764,0.0,0.0,0.0,6629184.341998707,0.0,0.0,0.0,6629185.516971487,291643.41691749764,0.0,0.0,0.0,1778914.0218907346,0.0,0.0,0.0,1778915.1968635144,PORTED_CYL,280.0,1160.0,3.0,160.0,0.0,0.0,0.0,0.0,0.0
2480427.2920953156,1.6e-06,18.3476099390189,382260.7427858319,0.0,0.0,0.0,8369954.75704709,0.0,0.0,0.0,8369953.198882713,382260.7427858319,0.0,0.0,0.0,2197819.031294173,0.0,0.0,0.0,2197817.4731297973,PORTED_CYL,280.0,1160.0,3.0,180.0,0.0,0.0,0.0,0.0,0.0
2505656.671469659,1.6e-06,7.8706132066925045,168648.64617582987,0.0,0.0,0.0,3744014.4376313793,0.0,0.0,0.0,3744016.0663740407,168648.64617582987,0.0,0.0,0.0,1096340.1630436557,0.0,0.0,0.0,1096341.7917863168,PORTED_CYL,300.0,1160.0,3.0,100.0,0.0,0.0,0.0,0.0,0.0
2534478.225666026,1.6e-06,9.345269876014813,204047.77601083444,0.0,0.0,0.0,4406568.329232746,0.0,0.0,0.0,4406568.331411377,204047.77601083444,0.0,0.0,0.0,1262819.6049372402,0.0,0.0,0.0,1262819.6071158713,PORTED_CYL,300.0,1160.0,3.0,120.0,0.0,0.0,0.0,0.0,0.0
2567850.6569883316,1.6e-06,11.413905609027854,254894.81809797324,0.0,0.0,0.0,5332579.888124023,0.0,0.0,0.0,5332579.248848405,254894.81809797324,0.0,0.0,0.0,1492941.2383546776,0.0,0.0,0.0,1492940.5990790601,PORTED_CYL,300.0,1160.0,3.0,140.0,0.0,0.0,0.0,0.0,0.0
2605690.081510276,1.6e-06,14.189853313343557,324963.36643729714,0.0,0.0,0.0,6570786.253914708,0.0,0.0,0.0,6570787.460580534,324963.36643729714,0.0,0.0,0.0,1797319.6149302549,0.0,0.0,0.0,1797320.821596081,PORTED_CYL,300.0,1160.0,3.0,160.0,0.0,0.0,0.0,0.0,0.0
2647968.223482344,1.6e-06,17.798482314387464,418722.41052819474,0.0,0.0,0.0,8174857.671915065,0.0,0.0,0.0,8174854.687925173,418722.41052819474,0.0,0.0,0.0,2187448.487295681,0.0,0.0,0.0,2187445.50330579,PORTED_CYL,300.0,1160.0,3.0,180.0,0.0,0.0,0.0,0.0,0.0
2685591.0779535924,1.6e-06,8.181610680829147,198344.10665045655,0.0,0.0,0.0,3919769.719365851,0.0,0.0,0.0,3919771.51381003,198344.10665045655,0.0,0.0,0.0,1167475.901061378,0.0,0.0,0.0,1167477.6955055569,PORTED_CYL,320.0,1160.0,3.0,100.0,0.0,0.0,0.0,0.0,0.0
2712774.618407655,1.6e-06,9.557952745644045,235651.59939610574,0.0,0.0,0.0,4540303.245658197,0.0,0.0,0.0,4540304.761659366,235651.59939610574,0.0,0.0,0.0,1325008.0497963422,0.0,0.0,0.0,1325009.56579751,PORTED_CYL,320.0,1160.0,3.0,120.0,0.0,0.0,0.0,0.0,0.0
2744247.786550818,1.6e-06,11.484582111026915,288989.30595219607,0.0,0.0,0.0,5405764.113726641,0.0,0.0,0.0,5405765.627693092,288989.30595219607,0.0,0.0,0.0,1542349.3997470164,0.0,0.0,0.0,1542350.9137134678,PORTED_CYL,320.0,1160.0,3.0,140.0,0.0,0.0,0.0,0.0,0.0
2779917.611169377,1.6e-06,14.062945983961049,362088.7723654341,0.0,0.0,0.0,6559883.378619276,0.0,0.0,0.0,6559883.901436249,362088.7723654341,0.0,0.0,0.0,1829107.221714957,0.0,0.0,0.0,1829107.7445319293,PORTED_CYL,320.0,1160.0,3.0,160.0,0.0,0.0,0.0,0.0,0.0
2819735.869198481,1.6e-06,17.40352127082057,459293.0981865121,0.0,0.0,0.0,8050109.6572836805,0.0,0.0,0.0,8050106.638182717,459293.0981865121,0.0,0.0,0.0,2195565.126876029,0.0,0.0,0.0,2195562.1077750656,PORTED_CYL,320.0,1160.0,3.0,180.0,0.0,0.0,0.0,0.0,0.0
2868489.225975175,1.6e-06,8.514693052193685,231831.60408536787,0.0,0.0,0.0,4108540.841104638,0.0,0.0,0.0,4108542.4244106305,231831.60408536787,0.0,0.0,0.0,1244198.1064209193,0.0,0.0,0.0,1244199.689726912,PORTED_CYL,340.0,1160.0,3.0,100.0,0.0,0.0,0.0,0.0,0.0
2894216.0708061806,1.6e-06,9.805347621884936,271076.7936655101,0.0,0.0,0.0,4692583.819612344,0.0,0.0,0.0,4692586.250212788,271076.7936655101,0.0,0.0,0.0,1394064.9042053143,0.0,0.0,0.0,1394067.3348057587,PORTED_CYL,340.0,1160.0,3.0,120.0,0.0,0.0,0.0,0.0,0.0
2924004.4355632206,1.6e-06,11.608774837420471,326964.0950238368,0.0,0.0,0.0,5505684.909345669,0.0,0.0,0.0,5505685.040885673,326964.0950238368,0.0,0.0,0.0,1600493.116196078,0.0,0.0,0.0,1600493.2477360824,PORTED_CYL,340.0,1160.0,3.0,140.0,0.0,0.0,0.0,0.0,0.0
2957758.134228996,1.6e-06,14.017565336533053,403220.7851774817,0.0,0.0,0.0,6587932.210672779,0.0,0.0,0.0,6587932.6355841765,403220.7851774817,0.0,0.0,0.0,1872422.1954372546,0.0,0.0,0.0,1872422.620348652,PORTED_CYL,340.0,1160.0,3.0,160.0,0.0,0.0,0.0,0.0,0.0
2995413.214785577,1.6e-06,17.12995259259984,504097.0406714868,0.0,0.0,0.0,7981585.937537395,0.0,0.0,0.0,7981587.2446959345,504097.0406714868,0.0,0.0,0.0,2219068.3760217344,0.0,0.0,0.0,2219069.683180274,PORTED_CYL,340.0,1160.0,3.0,180.0,0.0,0.0,0.0,0.0,0.0
3054278.0076781106,1.6e-06,8.867035294730696,269376.3670011511,0.0,0.0,0.0,4309220.661353113,0.0,0.0,0.0,4309222.448525851,269376.3670011511,0.0,0.0,0.0,1326350.003508076,0.0,0.0,0.0,1326351.7906808138,PORTED_CYL,360.0,1160.0,3.0,100.0,0.0,0.0,0.0,0.0,0.0
3078700.8138874383,1.6e-06,10.082254206385347,310582.21437609213,0.0,0.0,0.0,4861262.010931292,0.0,0.0,0.0,4861265.070347725,310582.21437609213,0.0,0.0,0.0,1469591.719488365,0.0,0.0,0.0,1469594.7789047991,PORTED_CYL,360.0,1160.0,3.0,120.0,0.0,0.0,0.0,0.0,0.0
3106984.023181228,1.6e-06,11.7780423332139,369073.5286980593,0.0,0.0,0.0,5628823.819832167,0.0,0.0,0.0,5628823.957152132,369073.5286980593,0.0,0.0,0.0,1666690.7114895913,0.0,0.0,0.0,1666690.848809556,PORTED_CYL,360.0,1160.0,3.0,140.0,0.0,0.0,0.0,0.0,0.0
3139028.652765287,1.6e-06,14.039079727118196,448580.5620725141,0.0,0.0,0.0,6648671.417983201,0.0,0.0,0.0,6648672.055653829,448580.5620725141,0.0,0.0,0.0,1925924.0499213857,0.0,0.0,0.0,1925924.6875920135,PORTED_CYL,360.0,1160.0,3.0,160.0,0.0,0.0,0.0,0.0,0.0
3174763.737760631,1.6e-06,16.954478946335577,553306.268184698,0.0,0.0,0.0,7959291.223447908,0.0,0.0,0.0,7959292.5640736,553306.268184698,0.0,0.0,0.0,2255803.129425015,0.0,0.0,0.0,2255804.470050707,PORTED_CYL,360.0,1160.0,3.0,180.0,0.0,0.0,0.0,0.0,0.0
3242900.3798004957,1.6e-06,9.23643396557323,311247.7354658458,0.0,0.0,0.0,4520970.274628489,0.0,0.0,0.0,4520972.211899795,311247.7354658458,0.0,0.0,0.0,1413833.9304480262,0.0,0.0,0.0,1413835.8677193318,PORTED_CYL,380.0,1160.0,3.0,100.0,0.0,0.0,0.0,0.0,0.0
3266148.0823357333,1.6e-06,10.384710092042015,354433.6956760277,0.0,0.0,0.0,5044730.2195408745,0.0,0.0,0.0,5044733.417025667,354433.6956760277,0.0,0.0,0.0,1551313.723503801,0.0,0.0,0.0,1551316.920988594,PORTED_CYL,380.0,1160.0,3.0,120.0,0.0,0.0,0.0,0.0,0.0
3293077.2983324006,1.6e-06,11.985473785290926,415571.7357368758,0.0,0.0,0.0,5772268.175699883,0.0,0.0,0.0,5772271.735920088,415571.7357368758,0.0,0.0,0.0,1740354.912770948,0.0,0.0,0.0,1740358.472991153,PORTED_CYL,380.0,1160.0,3.0,140.0,0.0,0.0,0.0,0.0,0.0
3323586.0998911257,1.6e-06,14.116528777374041,498405.3673924811,0.0,0.0,0.0,6737445.494922423,0.0,0.0,0.0,6737446.718888428,498405.3673924811,0.0,0.0,0.0,1988644.9908074944,0.0,0.0,0.0,1988646.214773499,PORTED_CYL,380.0,1160.0,3.0,160.0,0.0,0.0,0.0,0.0,0.0
3357601.497738776,1.6e-06,16.859780117143767,607120.5149122973,0.0,0.0,0.0,7975805.6300310865,0.0,0.0,0.0,7975806.928948614,607120.5149122973,0.0,0.0,0.0,2304174.320666215,0.0,0.0,0.0,2304175.6195837418,PORTED_CYL,380.0,1160.0,3.0,180.0,0.0,0.0,0.0,0.0,0.0
1681426.634509699,1.6e-06,6.9508290895514095,69299.34416799375,0.0,0.0,0.0,3301198.0494443965,0.0,0.0,0.0,3301197.7260879204,69299.34416799375,0.0,0.0,0.0,881613.8334895109,0.0,0.0,0.0,881613.5101330351,PORTED_CYL,200.0,1180.0,3.0,100.0,0.0,0.0,0.0,0.0,0.0
1723877.8452634637,1.6e-06,9.321567534046123,96510.40249480444,0.0,0.0,0.0,4387824.67610856,0.0,0.0,0.0,4387825.0842538215,96510.40249480444,0.0,0.0,0.0,1142986.0419556778,0.0,0.0,0.0,1142986.4501009393,PORTED_CYL,200.0,1180.0,3.0,120.0,0.0,0.0,0.0,0.0,0.0
1773359.7668748633,1.6e-06,12.737531041270156,137575.5257310531,0.0,0.0,0.0,5947414.760559722,0.0,0.0,0.0,5947414.471475215,137575.5257310531,0.0,0.0,0.0,1513524.180141154,0.0,0.0,0.0,1513523.8910566464,PORTED_CYL,200.0,1180.0,3.0,140.0,0.0,0.0,0.0,0.0,0.0
1780322.3112941948,1.6e-06,16.276373299119022,184359.6663582657,0.0,0.0,0.0,7566060.836814522,0.0,0.0,0.0,7566062.626579225,184359.6663582657,0.0,0.0,0.0,1900248.7368883372,0.0,0.0,0.0,1900250.5266530407,PORTED_CYL,200.0,1180.0,3.0,160.0,0.0,0.0,0.0,0.0,0.0
1782828.2749795744,1.6e-06,18.448371695634858,217969.08629311842,0.0,-6.851631332120146,0.0,8571223.993478162,0.0,-6.851631332120146,0.0,8571223.411217771,217969.08629311842,0.0,-6.851631332120146,0.0,2149344.6724733235,0.0,-6.851631332120146,0.0,2149344.0902129333,PORTED_CYL,200.0,1180.0,3.0,180.0,0.0,0.0,0.0,0.0,0.0
1846762.0290363783,1.6e-06,7.059515595518278,84067.38072431725,0.0,0.0,0.0,3375671.0070550027,0.0,0.0,0.0,3375670.9931743057,84067.38072431725,0.0,0.0,0.0,918253.0526237398,0.0,0.0,0.0,918253.0387430429,PORTED_CYL,220.0,1180.0,3.0,100.0,0.0,0.0,0.0,0.0,0.0
1885646.2459792593,1.6e-06,9.178638803548392,112859.19157878669,0.0,0.0,0.0,4349284.699061486,0.0,0.0,0.0,4349284.811271681,112859.19157878669,0.0,0.0,0.0,1154186.4816213637,0.0,0.0,0.0,1154186.5938315599,PORTED_CYL,220.0,1180.0,3.0,120.0,0.0,0.0,0.0,0.0,0.0
1930825.8419305799,1.6e-06,12.202499074002704,155624.48735881803,0.0,0.0,0.0,5733232.7114927815,0.0,0.0,0.0,5733232.493118198,155624.48735881803,0.0,0.0,0.0,1485542.8148582377,0.0,0.0,0.0,1485542.5964836532,PORTED_CYL,220.0,1180.0,3.0,140.0,0.0,0.0,0.0,0.0,0.0
1971417.811556028,1.6e-06,16.292859980417028,216178.81251786673,0.0,0.0,0.0,7599060.022021797,0.0,0.0,0.0,7599058.961073002,216178.81251786673,0.0,0.0,0.0,1927503.8358270137,0.0,0.0,0.0,1927502.7748782188,PORTED_CYL,220.0,1180.0,3.0,160.0,0.0,0.0,0.0,0.0,0.0
1974870.3635993127,1.6e-06,19.829387941680825,274898.0012780525,0.0,0.0,0.0,9220957.317648204,0.0,0.0,0.0,9220957.521211259,274898.0012780525,0.0,0.0,0.0,2318347.764599594,0.0,0.0,0.0,2318347.9681626502,PORTED_CYL,220.0,1180.0,3.0,180.0,0.0,0.0,0.0,0.0,0.0
2015973.9964261793,1.6e-06,7.230832650988738,101427.04227751977,0.0,0.0,0.0,3481434.5133313853,0.0,0.0,0.0,3481434.54317756,101427.04227751977,0.0,0.0,0.0,964381.1343281057,0.0,0.0,0.0,964381.1641742801,PORTED_CYL,240.0,1180.0,3.0,100.0,0.0,0.0,0.0,0.0,0.0
2051890.023748806,1.6e-06,9.149668318381082,131923.19742528477,0.0,0.0,0.0,4365267.318921462,0.0,0.0,0.0,4365267.276652366,131923.19742528477,0.0,0.0,0.0,1180266.9978350492,0.0,0.0,0.0,1180266.9555659532,PORTED_CYL,240.0,1180.0,3.0,120.0,0.0,0.0,0.0,0.0,0.0
2093548.3002341206,1.6e-06,11.870138383928994,176693.42170600014,0.0,0.0,0.0,5613622.262057021,0.0,0.0,0.0,5613622.461593911,176693.42170600014,0.0,0.0,0.0,1481627.1525025421,0.0,0.0,0.0,1481627.3520394315,PORTED_CYL,240.0,1180.0,3.0,140.0,0.0,0.0,0.0,0.0,0.0
2140982.147862563,1.6e-06,15.575293704821645,240024.3019595847,0.0,0.0,0.0,7307672.753904554,0.0,0.0,0.0,7307672.364007767,240024.3019595847,0.0,0.0,0.0,1885913.0549008371,0.0,0.0,0.0,1885912.6650040506,PORTED_CYL,240.0,1180.0,3.0,160.0,0.0,0.0,0.0,0.0,0.0
2168458.023224269,1.6e-06,20.130442669918857,322087.1272392464,0.0,0.0,0.0,9386544.223089332,0.0,0.0,0.0,9386544.71435815,322087.1272392464,0.0,0.0,0.0,2379099.066286681,0.0,0.0,0.0,2379099.557555497,PORTED_CYL,240.0,1180.0,3.0,180.0,0.0,0.0,0.0,0.0,0.0
2188753.607398605,1.6e-06,7.450157648576724,121614.62419916992,0.0,0.0,0.0,3611941.769066602,0.0,0.0,0.0,3611941.8301855074,121614.62419916992,0.0,0.0,0.0,1018541.4037213738,0.0,0.0,0.0,1018541.464840279,PORTED_CYL,260.0,1180.0,3.0,100.0,0.0,0.0,0.0,0.0,0.0
2222150.635516124,1.6e-06,9.205105906048338,153901.76867073443,0.0,0.0,0.0,4422509.100039843,0.0,0.0,0.0,4422509.091759478,153901.76867073443,0.0,0.0,0.0,1218211.0065977348,0.0,0.0,0.0,1218210.99831737,PORTED_CYL,260.0,1180.0,3.0,120.0,0.0,0.0,0.0,0.0,0.0
2260850.574864264,1.6e-06,11.682020097205891,200880.16367671837,0.0,0.0,0.0,5562294.527586609,0.0,0.0,0.0,5562296.103836944,200880.16367671837,0.0,0.0,0.0,1495782.2830488274,0.0,0.0,0.0,1495783.8592991624,PORTED_CYL,260.0,1180.0,3.0,140.0,0.0,0.0,0.0,0.0,0.0
2304819.5498141544,1.6e-06,15.032923475745617,266610.050737779,0.0,0.0,0.0,7098665.511028995,0.0,0.0,0.0,7098665.817393596,266610.050737779,0.0,0.0,0.0,1865704.9080155778,0.0,0.0,0.0,1865705.214380179,PORTED_CYL,260.0,1180.0,3.0,160.0,0.0,0.0,0.0,0.0,0.0
2354134.7819876783,1.6e-06,19.43814818942658,356173.46087400534,0.0,0.0,0.0,9111370.952258067,0.0,0.0,0.0,9111370.413390769,356173.46087400534,0.0,0.0,0.0,2344951.527850531,0.0,0.0,0.0,2344950.9889832335,PORTED_CYL,260.0,1180.0,3.0,180.0,0.0,0.0,0.0,0.0,0.0
2364881.9528844967,1.6e-06,7.707743060684493,144877.2959930366,0.0,0.0,0.0,3762884.4119224525,0.0,0.0,0.0,3762885.7948526754,144877.2959930366,0.0,0.0,0.0,1079819.0848567043,0.0,0.0,0.0,1079820.4677869272,PORTED_CYL,280.0,1180.0,3.0,100.0,0.0,0.0,0.0,0.0,0.0
2396107.789461878,1.6e-06,9.325676216820751,179018.53383415996,0.0,0.0,0.0,4512360.703752575,0.0,0.0,0.0,4512361.544802354,179018.53383415996,0.0,0.0,0.0,1266100.8960304821,0.0,0.0,0.0,1266101.7370802604,PORTED_CYL,280.0,1180.0,3.0,120.0,0.0,0.0,0.0,0.0,0.0
2432274.1640113755,1.6e-06,11.601470956690056,228345.3212995084,0.0,0.0,0.0,5562778.606298856,0.0,0.0,0.0,5562779.926282249,228345.3212995084,0.0,0.0,0.0,1524251.0008055961,0.0,0.0,0.0,1524252.3207889898,PORTED_CYL,280.0,1180.0,3.0,140.0,0.0,0.0,0.0,0.0,0.0
2473314.894980003,1.6e-06,14.666467175042587,296787.85758785275,0.0,0.0,0.0,6972283.121837703,0.0,0.0,0.0,6972284.332198899,296787.85758785275,0.0,0.0,0.0,1866885.9158506175,0.0,0.0,0.0,1866887.1262118134,PORTED_CYL,280.0,1180.0,3.0,160.0,0.0,0.0,0.0,0.0,0.0
2519237.888736044,1.6e-06,18.669680581897037,389108.94014059624,0.0,0.0,0.0,8806920.962408207,0.0,0.0,0.0,8806919.23846034,389108.94014059624,0.0,0.0,0.0,2308005.2914713,0.0,0.0,0.0,2308003.5675234324,PORTED_CYL,280.0,1180.0,3.0,180.0,0.0,0.0,0.0,0.0,0.0
2544195.292971889,1.6e-06,7.996362007602335,171465.1132715292,0.0,0.0,0.0,3931071.214668012,0.0,0.0,0.0,3931072.903158854,171465.1132715292,0.0,0.0,0.0,1147537.5991100604,0.0,0.0,0.0,1147539.2876009024,PORTED_CYL,300.0,1180.0,3.0,100.0,0.0,0.0,0.0,0.0,0.0
2573527.5579213034,1.6e-06,9.49784978944503,207508.59440795277,0.0,0.0,0.0,4628798.740347427,0.0,0.0,0.0,4628798.769544326,207508.59440795277,0.0,0.0,0.0,1322597.2955763922,0.0,0.0,0.0,1322597.3247732911,PORTED_CYL,300.0,1180.0,3.0,120.0,0.0,0.0,0.0,0.0,0.0
2607493.911737205,1.6e-06,11.604508430367783,259290.8721320081,0.0,0.0,0.0,5604189.972881499,0.0,0.0,0.0,5604189.361101283,259290.8721320081,0.0,0.0,0.0,1564659.73544765,0.0,0.0,0.0,1564659.1236674348,PORTED_CYL,300.0,1180.0,3.0,140.0,0.0,0.0,0.0,0.0,0.0
2646010.3342900323,1.6e-06,14.432225433262426,330664.8907742411,0.0,0.0,0.0,6908837.954069922,0.0,0.0,0.0,6908841.928415365,330664.8907742411,0.0,0.0,0.0,1884980.3036936463,0.0,0.0,0.0,1884984.2780390892,PORTED_CYL,300.0,1180.0,3.0,160.0,0.0,0.0,0.0,0.0,0.0
2689046.4138304144,1.6e-06,18.108398068835328,426183.5327186424,0.0,0.0,0.0,8599106.785503857,0.0,0.0,0.0,8599103.552681006,426183.5327186424,0.0,0.0,0.0,2295573.7117528385,0.0,0.0,0.0,2295570.4789299886,PORTED_CYL,300.0,1180.0,3.0,180.0,0.0,0.0,0.0,0.0,0.0
2726572.2819818174,1.6e-06,8.311056968298862,201637.75070895883,0.0,0.0,0.0,4114381.626324805,0.0,0.0,0.0,4114383.4663066175,201637.75070895883,0.0,0.0,0.0,1221302.7116168742,0.0,0.0,0.0,1221304.551598687,PORTED_CYL,320.0,1180.0,3.0,100.0,0.0,0.0,0.0,0.0,0.0
2754237.6087414036,1.6e-06,9.712441011466822,239624.3053265615,0.0,0.0,0.0,4767783.308154775,0.0,0.0,0.0,4767784.886297316,239624.3053265615,0.0,0.0,0.0,1386882.7075717542,0.0,0.0,0.0,1386884.285714296,PORTED_CYL,320.0,1180.0,3.0,120.0,0.0,0.0,0.0,0.0,0.0
2786271.044574364,1.6e-06,11.674478624635789,293942.89688084903,0.0,0.0,0.0,5679287.829649103,0.0,0.0,0.0,5679289.386079771,293942.89688084903,0.0,0.0,0.0,1615400.4494977735,0.0,0.0,0.0,1615402.0059284423,PORTED_CYL,320.0,1180.0,3.0,140.0,0.0,0.0,0.0,0.0,0.0
2822578.6484780204,1.6e-06,14.300736667269614,368401.2299505434,0.0,0.0,0.0,6895089.077996256,0.0,0.0,0.0,6895089.564606665,368401.2299505434,0.0,0.0,0.0,1917001.4500980454,0.0,0.0,0.0,1917001.9367084536,PORTED_CYL,320.0,1180.0,3.0,160.0,0.0,0.0,0.0,0.0,0.0
2863111.214631941,1.6e-06,17.70398730237761,467431.69643837854,0.0,0.0,0.0,8465293.240473187,0.0,0.0,0.0,8465292.446020855,467431.69643837854,0.0,0.0,0.0,2302535.4224584117,0.0,0.0,0.0,2302534.6280060792,PORTED_CYL,320.0,1180.0,3.0,180.0,0.0,0.0,0.0,0.0,0.0
2911920.8876688825,1.6e-06,8.648123683531242,235660.13662027536,0.0,0.0,0.0,4311256.627295753,0.0,0.0,0.0,4311258.245897166,235660.13662027536,0.0,0.0,0.0,1300844.7821660915,0.0,0.0,0.0,1300846.4007675052,PORTED_CYL,340.0,1180.0,3.0,100.0,0.0,0.0,0.0,0.0,0.0
2938103.7752644415,1.6e-06,9.962257995625752,275619.56641643157,0.0,0.0,0.0,4926159.062118515,0.0,0.0,0.0,4926161.521351176,275619.56641643157,0.0,0.0,0.0,1458297.0758009094,0.0,0.0,0.0,1458299.5350335701,PORTED_CYL,340.0,1180.0,3.0,120.0,0.0,0.0,0.0,0.0,0.0
2968422.6849438064,1.6e-06,11.79886154379798,332535.11856595625,0.0,0.0,0.0,5782447.780397066,0.0,0.0,0.0,5782447.461362149,332535.11856595625,0.0,0.0,0.0,1675248.9775555574,0.0,0.0,0.0,1675248.6585206408,PORTED_CYL,340.0,1180.0,3.0,140.0,0.0,0.0,0.0,0.0,0.0
3002779.978549407,1.6e-06,14.252360824870092,410208.5862252681,0.0,0.0,0.0,6922361.34914837,0.0,0.0,0.0,6922361.741116833,410208.5862252681,0.0,0.0,0.0,1961113.4490467473,0.0,0.0,0.0,1961113.8410152094,PORTED_CYL,340.0,1180.0,3.0,160.0,0.0,0.0,0.0,0.0,0.0
3041111.306824589,1.6e-06,17.42315435964159,512979.86039788905,0.0,0.0,0.0,8390638.481081301,0.0,0.0,0.0,8390639.74886234,512979.86039788905,0.0,0.0,0.0,2325636.853073392,0.0,0.0,0.0,2325638.120854431,PORTED_CYL,340.0,1180.0,3.0,180.0,0.0,0.0,0.0,0.0,0.0
3100166.7113439958,1.6e-06,9.004684300165717,273800.94912475505,0.0,0.0,0.0,4520523.10649486,0.0,0.0,0.0,4520524.836210043,273800.94912475505,0.0,0.0,0.0,1385992.5461456995,0.0,0.0,0.0,1385994.2758608835,PORTED_CYL,360.0,1180.0,3.0,100.0,0.0,0.0,0.0,0.0,0.0
3125022.5549204,1.6e-06,10.24201588919394,315756.8351216776,0.0,0.0,0.0,5101662.128543857,0.0,0.0,0.0,5101665.28112348,315756.8351216776,0.0,0.0,0.0,1536416.4228826049,0.0,0.0,0.0,1536419.5754622286,PORTED_CYL,360.0,1180.0,3.0,120.0,0.0,0.0,0.0,0.0,0.0
3153809.497090471,1.6e-06,11.968968666683882,375323.62908290897,0.0,0.0,0.0,5909857.235017931,0.0,0.0,0.0,5909857.447280845,375323.62908290897,0.0,0.0,0.0,1743459.5599105996,0.0,0.0,0.0,1743459.7721735123,PORTED_CYL,360.0,1180.0,3.0,140.0,0.0,0.0,0.0,0.0,0.0
3186427.4248035364,1.6e-06,14.271996119141185,456308.1378015354,0.0,0.0,0.0,6983936.241088184,0.0,0.0,0.0,6983936.851641564,456308.1378015354,0.0,0.0,0.0,2015853.3895817376,0.0,0.0,0.0,2015854.0001351186,PORTED_CYL,360.0,1180.0,3.0,160.0,0.0,0.0,0.0,0.0,0.0
3222804.525277136,1.6e-06,17.242100775302752,563000.8180401876,0.0,0.0,0.0,8364552.668969888,0.0,0.0,0.0,8364553.957130509,563000.8180401876,0.0,0.0,0.0,2362575.932958713,0.0,0.0,0.0,2362577.221119334,PORTED_CYL,360.0,1180.0,3.0,180.0,0.0,0.0,0.0,0.0,0.0
3291251.766424613,1.6e-06,9.378504619967314,316333.4460067026,0.0,0.0,0.0,4741296.3060163185,0.0,0.0,0.0,4741298.323301721,316333.4460067026,0.0,0.0,0.0,1476638.8638575538,0.0,0.0,0.0,1476640.8811429571,PORTED_CYL,380.0,1180.0,3.0,100.0,0.0,0.0,0.0,0.0,0.0
3314911.713545505,1.6e-06,10.54767178276461,360305.2925671246,0.0,0.0,0.0,5292588.038058469,0.0,0.0,0.0,5292591.330902034,360305.2925671246,0.0,0.0,0.0,1620943.4691886003,0.0,0.0,0.0,1620946.7620321657,PORTED_CYL,380.0,1180.0,3.0,120.0,0.0,0.0,0.0,0.0,0.0
3342320.6393369343,1.6e-06,12.177852757587805,422567.3901680149,0.0,0.0,0.0,6058537.4539686795,0.0,0.0,0.0,6058541.162439477,422567.3901680149,0.0,0.0,0.0,1819427.0363257374,0.0,0.0,0.0,1819430.7447965355,PORTED_CYL,380.0,1180.0,3.0,140.0,0.0,0.0,0.0,0.0,0.0
3373375.3822604483,1.6e-06,14.348476069034001,506940.0151380979,0.0,0.0,0.0,7074898.056278586,0.0,0.0,0.0,7074899.302722928,506940.0151380979,0.0,0.0,0.0,2080193.3012102256,0.0,0.0,0.0,2080194.5476545673,PORTED_CYL,380.0,1180.0,3.0,160.0,0.0,0.0,0.0,0.0,0.0
3408002.1418935214,1.6e-06,17.14320416482991,617696.8542745301,0.0,0.0,0.0,8379219.781369927,0.0,0.0,0.0,8379221.007643077,617696.8542745301,0.0,0.0,0.0,2411669.059742311,0.0,0.0,0.0,2411670.2860154603,PORTED_CYL,380.0,1180.0,3.0,180.0,0.0,0.0,0.0,0.0,0.0
1707948.3718028096,1.6e-06,7.065779631293649,70472.57238896049,0.0,0.0,0.0,3468607.686639321,0.0,0.0,0.0,3468607.3666216866,70472.57238896049,0.0,0.0,0.0,924926.3478960093,0.0,0.0,0.0,924926.0278783747,PORTED_CYL,200.0,1200.0,3.0,100.0,0.0,0.0,0.0,0.0,0.0
1751137.6545615129,1.6e-06,9.47893117853127,98170.68402849472,0.0,0.0,0.0,4612458.4489886165,0.0,0.0,0.0,4612458.665058444,98170.68402849472,0.0,0.0,0.0,1200057.5432722163,0.0,0.0,0.0,1200057.759342044,PORTED_CYL,200.0,1200.0,3.0,120.0,0.0,0.0,0.0,0.0,0.0
1801481.5479384093,1.6e-06,12.956419762010787,139977.43532559535,0.0,0.0,0.0,6254513.449560158,0.0,0.0,0.0,6254513.257797263,139977.43532559535,0.0,0.0,0.0,1590202.6453653483,0.0,0.0,0.0,1590202.4536024523,PORTED_CYL,200.0,1200.0,3.0,140.0,0.0,0.0,0.0,0.0,0.0
1808511.7371730707,1.6e-06,16.55929328429384,187610.2819616606,0.0,0.0,0.0,7958723.311254985,0.0,0.0,0.0,7958725.169386162,187610.2819616606,0.0,0.0,0.0,1997370.530271181,0.0,0.0,0.0,1997372.3884023584,PORTED_CYL,200.0,1200.0,3.0,160.0,0.0,0.0,0.0,0.0,0.0
1811017.7731324465,1.6e-06,18.769690518401163,221821.27796921093,0.0,-6.873436602035628,0.0,9016368.946870903,0.0,-6.873436602035628,0.0,9016368.280929636,221821.27796921093,0.0,-6.873436602035628,0.0,2259283.791119688,0.0,-6.873436602035628,0.0,2259283.125178422,PORTED_CYL,200.0,1200.0,3.0,180.0,0.0,0.0,0.0,0.0,0.0
1875649.5264361312,1.6e-06,7.175071575823759,85481.63523141062,0.0,0.0,0.0,3545790.1894566463,0.0,0.0,0.0,3545790.164594379,85481.63523141062,0.0,0.0,0.0,962763.7895760925,0.0,0.0,0.0,962763.7647138254,PORTED_CYL,220.0,1200.0,3.0,100.0,0.0,0.0,0.0,0.0,0.0
1915210.0636383065,1.6e-06,9.332098388857606,114788.63014872698,0.0,0.0,0.0,4570593.536742898,0.0,0.0,0.0,4570593.247207406,114788.63014872698,0.0,0.0,0.0,1211037.215735143,0.0,0.0,0.0,1211036.9261996509,PORTED_CYL,220.0,1200.0,3.0,120.0,0.0,0.0,0.0,0.0,0.0
1961178.4013905753,1.6e-06,12.410550348127698,158326.901732712,0.0,0.0,0.0,6027639.648082651,0.0,0.0,0.0,6027639.403478357,158326.901732712,0.0,0.0,0.0,1559841.554761962,0.0,0.0,0.0,1559841.3101576678,PORTED_CYL,220.0,1200.0,3.0,140.0,0.0,0.0,0.0,0.0,0.0
2002463.9208116531,1.6e-06,16.575501316425484,219987.19281524184,0.0,0.0,0.0,7992424.502962075,0.0,0.0,0.0,7992423.365064741,219987.19281524184,0.0,0.0,0.0,2025231.4441958894,0.0,0.0,0.0,2025230.3062985549,PORTED_CYL,220.0,1200.0,3.0,160.0,0.0,0.0,0.0,0.0,0.0
2005916.4103530566,1.6e-06,20.17601502084934,279775.5040528303,0.0,0.0,0.0,9699898.375772642,0.0,0.0,0.0,9699898.596345898,279775.5040528303,0.0,0.0,0.0,2436533.380640042,0.0,0.0,0.0,2436533.6012132973,PORTED_CYL,220.0,1200.0,3.0,180.0,0.0,0.0,0.0,0.0,0.0
2047250.6444317969,1.6e-06,7.347989689523619,103122.755949009,0.0,0.0,0.0,3655786.3109315787,0.0,0.0,0.0,3655786.3393767863,103122.755949009,0.0,0.0,0.0,1010509.4546025107,0.0,0.0,0.0,1010509.4830477181,PORTED_CYL,240.0,1200.0,3.0,100.0,0.0,0.0,0.0,0.0,0.0
2083791.4965586185,1.6e-06,9.30111869166574,134164.29103909363,0.0,0.0,0.0,4586007.611845557,0.0,0.0,0.0,4586007.568471017,134164.29103909363,0.0,0.0,0.0,1237604.0518719894,0.0,0.0,0.0,1237604.0084974503,PORTED_CYL,240.0,1200.0,3.0,120.0,0.0,0.0,0.0,0.0,0.0
2126177.485841493,1.6e-06,12.070719700742382,179743.70041195248,0.0,0.0,0.0,5900185.848661668,0.0,0.0,0.0,5900186.072465303,179743.70041195248,0.0,0.0,0.0,1554726.8214025002,0.0,0.0,0.0,1554727.0452061356,PORTED_CYL,240.0,1200.0,3.0,140.0,0.0,0.0,0.0,0.0,0.0
2174441.217711789,1.6e-06,15.843212167975745,244229.23153316916,0.0,0.0,0.0,7683804.593931569,0.0,0.0,0.0,7683804.191713334,244229.23153316916,0.0,0.0,0.0,1980248.5979981842,0.0,0.0,0.0,1980248.19577995,PORTED_CYL,240.0,1200.0,3.0,160.0,0.0,0.0,0.0,0.0,0.0
2202365.3106413954,1.6e-06,20.48307042908246,327812.0004121756,0.0,0.0,0.0,9873606.816925554,0.0,0.0,0.0,9873606.711031009,327812.0004121756,0.0,0.0,0.0,2499702.314490156,0.0,0.0,0.0,2499702.208595612,PORTED_CYL,240.0,1200.0,3.0,180.0,0.0,0.0,0.0,0.0,0.0
2222437.503130745,1.6e-06,7.569653913782349,123635.5503880413,0.0,0.0,0.0,3791699.7541071163,0.0,0.0,0.0,3791699.8228828544,123635.5503880413,0.0,0.0,0.0,1066623.8136950685,0.0,0.0,0.0,1066623.8824708066,PORTED_CYL,260.0,1200.0,3.0,100.0,0.0,0.0,0.0,0.0,0.0
2256415.713394394,1.6e-06,9.35596437635975,156500.04201417038,0.0,0.0,0.0,4644732.6360455565,0.0,0.0,0.0,4644732.625596179,156500.04201417038,0.0,0.0,0.0,1276584.685439891,0.0,0.0,0.0,1276584.6749905124,PORTED_CYL,260.0,1200.0,3.0,120.0,0.0,0.0,0.0,0.0,0.0
2295791.916970125,1.6e-06,11.877597264386264,204327.25426939514,0.0,0.0,0.0,5844500.455633073,0.0,0.0,0.0,5844502.000944258,204327.25426939514,0.0,0.0,0.0,1568564.3263176747,0.0,0.0,0.0,1568565.871628859,PORTED_CYL,260.0,1200.0,3.0,140.0,0.0,0.0,0.0,0.0,0.0
2340532.2549565057,1.6e-06,15.289629094211808,271257.50899775315,0.0,0.0,0.0,7462088.114805037,0.0,0.0,0.0,7462088.470724014,271257.50899775315,0.0,0.0,0.0,1957821.7026231275,0.0,0.0,0.0,1957822.058542104,PORTED_CYL,260.0,1200.0,3.0,160.0,0.0,0.0,0.0,0.0,0.0
2390715.7785140234,1.6e-06,19.776067259901964,362474.5537378079,0.0,0.0,0.0,9581669.612451034,0.0,0.0,0.0,9581669.067323105,362474.5537378079,0.0,0.0,0.0,2462285.3642686685,0.0,0.0,0.0,2462284.8191407393,PORTED_CYL,260.0,1200.0,3.0,180.0,0.0,0.0,0.0,0.0,0.0
2400987.45398005,1.6e-06,7.830147372059405,147270.7021963705,0.0,0.0,0.0,3948991.4242961644,0.0,0.0,0.0,3948992.8510795683,147270.7021963705,0.0,0.0,0.0,1130138.4058072567,0.0,0.0,0.0,1130139.8325906605,PORTED_CYL,280.0,1200.0,3.0,100.0,0.0,0.0,0.0,0.0,0.0
2432756.82605897,1.6e-06,9.476991990537185,182022.33959040954,0.0,0.0,0.0,4737655.71778014,0.0,0.0,0.0,4737656.590044462,182022.33959040954,0.0,0.0,0.0,1325947.219643712,0.0,0.0,0.0,1325948.0919080337,PORTED_CYL,280.0,1200.0,3.0,120.0,0.0,0.0,0.0,0.0,0.0
2469556.174650025,1.6e-06,11.794053842802029,232242.36577951253,0.0,0.0,0.0,5843291.807151064,0.0,0.0,0.0,5843293.625876178,232242.36577951253,0.0,0.0,0.0,1597432.2127261031,0.0,0.0,0.0,1597434.031451217,PORTED_CYL,280.0,1200.0,3.0,140.0,0.0,0.0,0.0,0.0,0.0
2511316.4808613467,1.6e-06,14.914770581477853,301932.2998142941,0.0,0.0,0.0,7327108.696534722,0.0,0.0,0.0,7327109.942616098,301932.2998142941,0.0,0.0,0.0,1957791.3064316649,0.0,0.0,0.0,1957792.5525130408,PORTED_CYL,280.0,1200.0,3.0,160.0,0.0,0.0,0.0,0.0,0.0
2558048.485288563,1.6e-06,18.991751285278262,395957.0453473069,0.0,0.0,0.0,9258955.859346945,0.0,0.0,0.0,9258954.072223198,395957.0453473069,0.0,0.0,0.0,2421925.555934116,0.0,0.0,0.0,2421923.7688103695,PORTED_CYL,280.0,1200.0,3.0,180.0,0.0,0.0,0.0,0.0,0.0
2582733.914659304,1.6e-06,8.122110771030968,174281.56186764027,0.0,0.0,0.0,4124294.230515903,0.0,0.0,0.0,4124295.9608475184,174281.56186764027,0.0,0.0,0.0,1200334.3528619779,0.0,0.0,0.0,1200336.0831935937,PORTED_CYL,300.0,1200.0,3.0,100.0,0.0,0.0,0.0,0.0,0.0
2612576.8920719335,1.6e-06,9.650429922241477,210969.41576656624,0.0,0.0,0.0,4858429.18819435,0.0,0.0,0.0,4858429.24673059,210969.41576656624,0.0,0.0,0.0,1384274.590081546,0.0,0.0,0.0,1384274.6486177852,PORTED_CYL,300.0,1200.0,3.0,120.0,0.0,0.0,0.0,0.0,0.0
2647137.167392529,1.6e-06,11.795111284048113,263686.92660236603,0.0,0.0,0.0,5884940.08342117,0.0,0.0,0.0,5884939.499174233,263686.92660236603,0.0,0.0,0.0,1638699.1160738685,0.0,0.0,0.0,1638698.5318269313,PORTED_CYL,300.0,1200.0,3.0,140.0,0.0,0.0,0.0,0.0,0.0
2686329.9209095556,1.6e-06,14.674404626264472,336363.8110682211,0.0,0.0,0.0,7258273.922923057,0.0,0.0,0.0,7258278.010976955,336363.8110682211,0.0,0.0,0.0,1975488.2825284281,0.0,0.0,0.0,1975492.3705823268,PORTED_CYL,300.0,1200.0,3.0,160.0,0.0,0.0,0.0,0.0,0.0
2730124.605221391,1.6e-06,18.418314407503175,433644.6623835663,0.0,0.0,0.0,9037913.943555895,0.0,0.0,0.0,9037910.432734625,433644.6623835663,0.0,0.0,0.0,2407321.0811753487,0.0,0.0,0.0,2407317.5703540794,PORTED_CYL,300.0,1200.0,3.0,180.0,0.0,0.0,0.0,0.0,0.0
2767553.4862404875,1.6e-06,8.440503270786678,204931.39461160847,0.0,0.0,0.0,4315372.9058268,0.0,0.0,0.0,4315374.791215103,204931.39461160847,0.0,0.0,0.0,1276791.7455765218,0.0,0.0,0.0,1276793.6309648256,PORTED_CYL,320.0,1200.0,3.0,100.0,0.0,0.0,0.0,0.0,0.0
2795700.5994037734,1.6e-06,9.866929263784174,243597.01037443115,0.0,0.0,0.0,5002794.272189262,0.0,0.0,0.0,5002795.910651492,243597.01037443115,0.0,0.0,0.0,1450699.8610037167,0.0,0.0,0.0,1450701.4994659466,PORTED_CYL,320.0,1200.0,3.0,120.0,0.0,0.0,0.0,0.0,0.0
2828294.303656119,1.6e-06,11.864375190994355,298896.48823288665,0.0,0.0,0.0,5961962.8990560435,0.0,0.0,0.0,5961964.497417228,298896.48823288665,0.0,0.0,0.0,1690786.3767045185,0.0,0.0,0.0,1690787.975065704,PORTED_CYL,320.0,1200.0,3.0,140.0,0.0,0.0,0.0,0.0,0.0
2865239.6861481927,1.6e-06,14.538527426550262,374713.68831590825,0.0,0.0,0.0,7241627.086541175,0.0,0.0,0.0,7241627.535719875,374713.68831590825,0.0,0.0,0.0,2007755.950054105,0.0,0.0,0.0,2007756.399232806,PORTED_CYL,320.0,1200.0,3.0,160.0,0.0,0.0,0.0,0.0,0.0
2906486.5623966306,1.6e-06,18.004454342374192,475570.3105028015,0.0,0.0,0.0,8894649.783653501,0.0,0.0,0.0,8894651.627184752,475570.3105028015,0.0,0.0,0.0,2413046.23925162,0.0,0.0,0.0,2413048.0827828697,PORTED_CYL,320.0,1200.0,3.0,180.0,0.0,0.0,0.0,0.0,0.0
2955352.530298392,1.6e-06,8.781551359772271,239488.60168028006,0.0,0.0,0.0,4520578.949103947,0.0,0.0,0.0,4520580.535885958,239488.60168028006,0.0,0.0,0.0,1359220.4772720519,0.0,0.0,0.0,1359222.0640540626,PORTED_CYL,340.0,1200.0,3.0,100.0,0.0,0.0,0.0,0.0,0.0
2981991.5037669865,1.6e-06,10.119171782692462,280162.3983518744,0.0,0.0,0.0,5167424.206765568,0.0,0.0,0.0,5167426.750822753,280162.3983518744,0.0,0.0,0.0,1524522.3885702856,0.0,0.0,0.0,1524524.9326274712,PORTED_CYL,340.0,1200.0,3.0,120.0,0.0,0.0,0.0,0.0,0.0
3012840.9310219754,1.6e-06,11.988948336267265,338106.143595243,0.0,0.0,0.0,6068386.3599051675,0.0,0.0,0.0,6068385.588789812,338106.143595243,0.0,0.0,0.0,1752365.022668563,0.0,0.0,0.0,1752364.2515532076,PORTED_CYL,340.0,1200.0,3.0,140.0,0.0,0.0,0.0,0.0,0.0
3047801.819936944,1.6e-06,14.48715560512028,417196.3749962421,0.0,0.0,0.0,7268032.2555956375,0.0,0.0,0.0,7268032.630798793,417196.3749962421,0.0,0.0,0.0,2052655.0774107745,0.0,0.0,0.0,2052655.45261393,PORTED_CYL,340.0,1200.0,3.0,160.0,0.0,0.0,0.0,0.0,0.0
3086809.3996403147,1.6e-06,17.71635626947296,521862.6826006166,0.0,0.0,0.0,8813580.060806742,0.0,0.0,0.0,8813581.28719758,521862.6826006166,0.0,0.0,0.0,2435690.119485027,0.0,0.0,0.0,2435691.345875865,PORTED_CYL,340.0,1200.0,3.0,180.0,0.0,0.0,0.0,0.0,0.0
3146055.4338360806,1.6e-06,9.142336375442367,278225.6816110774,0.0,0.0,0.0,4738677.505161854,0.0,0.0,0.0,4738679.314743148,278225.6816110774,0.0,0.0,0.0,1447436.4273300297,0.0,0.0,0.0,1447438.2369113239,PORTED_CYL,360.0,1200.0,3.0,100.0,0.0,0.0,0.0,0.0,0.0
3171344.296254111,1.6e-06,10.401777570396364,320931.45583591494,0.0,0.0,0.0,5349929.4470056975,0.0,0.0,0.0,5349932.692256624,320931.45583591494,0.0,0.0,0.0,1605289.548916237,0.0,0.0,0.0,1605292.794167163,PORTED_CYL,360.0,1200.0,3.0,120.0,0.0,0.0,0.0,0.0,0.0
3200634.9725806657,1.6e-06,12.159895228433326,381573.73444991995,0.0,0.0,0.0,6200184.312885474,0.0,0.0,0.0,6200184.60440829,381573.73444991995,0.0,0.0,0.0,1822622.2419765175,0.0,0.0,0.0,1822622.5334993335,PORTED_CYL,360.0,1200.0,3.0,140.0,0.0,0.0,0.0,0.0,0.0
3233826.1786248204,1.6e-06,14.504909363102588,464035.65233074967,0.0,0.0,0.0,7330405.322776713,0.0,0.0,0.0,7330405.92856409,464035.65233074967,0.0,0.0,0.0,2108636.605558159,0.0,0.0,0.0,2108637.2113455357,PORTED_CYL,360.0,1200.0,3.0,160.0,0.0,0.0,0.0,0.0,0.0
3270845.3133194405,1.6e-06,17.529722701476036,572695.3697851868,0.0,0.0,0.0,8783499.017452955,0.0,0.0,0.0,8783500.252383457,572695.3697851868,0.0,0.0,0.0,2472797.3058266537,0.0,0.0,0.0,2472798.540757155,PORTED_CYL,360.0,1200.0,3.0,180.0,0.0,0.0,0.0,0.0,0.0
3339603.153258472,1.6e-06,9.520575174662087,321419.1123058094,0.0,0.0,0.0,4968726.622071361,0.0,0.0,0.0,4968728.679097916,321419.1123058094,0.0,0.0,0.0,1541319.576238193,0.0,0.0,0.0,1541321.6332647477,PORTED_CYL,380.0,1200.0,3.0,100.0,0.0,0.0,0.0,0.0,0.0
3363675.345023874,1.6e-06,10.710633474736133,366176.8894852042,0.0,0.0,0.0,5548510.837083552,0.0,0.0,0.0,5548514.220448388,366176.8894852042,0.0,0.0,0.0,1692682.76476285,0.0,0.0,0.0,1692686.1481276862,PORTED_CYL,380.0,1200.0,3.0,120.0,0.0,0.0,0.0,0.0,0.0
3391563.9807550516,1.6e-06,12.37023178614459,429563.046341285,0.0,0.0,0.0,6354218.071762239,0.0,0.0,0.0,6354221.914177821,429563.046341285,0.0,0.0,0.0,1900934.765391695,0.0,0.0,0.0,1900938.607807278,PORTED_CYL,380.0,1200.0,3.0,140.0,0.0,0.0,0.0,0.0,0.0
3423164.6563666854,1.6e-06,14.580421910129052,515474.63146397506,0.0,0.0,0.0,7423562.79828908,0.0,0.0,0.0,7423564.099666089,515474.63146397506,0.0,0.0,0.0,2174610.951803071,0.0,0.0,0.0,2174612.2531800796,PORTED_CYL,380.0,1200.0,3.0,160.0,0.0,0.0,0.0,0.0,0.0
3458402.786593055,1.6e-06,17.426628306903815,628273.1956810581,0.0,0.0,0.0,8796180.196731012,0.0,0.0,0.0,8796181.349581119,628273.1956810581,0.0,0.0,0.0,2522592.5774169886,0.0,0.0,0.0,2522593.7302670944,PORTED_CYL,380.0,1200.0,3.0,180.0,0.0,0.0,0.0,0.0,0.0
1734470.109790068,1.6e-06,7.180730214111232,71645.82135091026,0.0,0.0,0.0,3641602.4687502123,0.0,0.0,0.0,3641602.131653598,71645.82135091026,0.0,0.0,0.0,969652.0191912578,0.0,0.0,0.0,969651.6820946432,PORTED_CYL,200.0,1220.0,3.0,100.0,0.0,0.0,0.0,0.0,0.0
1778397.464063621,1.6e-06,9.636295470739475,99830.9694474065,0.0,0.0,0.0,4844691.937191455,0.0,0.0,0.0,4844691.949421438,99830.9694474065,0.0,0.0,0.0,1259025.403086463,0.0,0.0,0.0,1259025.4153164462,PORTED_CYL,200.0,1220.0,3.0,120.0,0.0,0.0,0.0,0.0,0.0
1829604.6808274714,1.6e-06,13.175464870159969,142380.18459715694,0.0,0.0,0.0,6572095.070484357,0.0,0.0,0.0,6572094.813479105,142380.18459715694,0.0,0.0,0.0,1669504.8720820702,0.0,0.0,0.0,1669504.6150768187,PORTED_CYL,200.0,1220.0,3.0,140.0,0.0,0.0,0.0,0.0,0.0
1836701.1626400123,1.6e-06,16.84221349977992,190860.89058811014,0.0,0.0,0.0,8364799.837732024,0.0,0.0,0.0,8364801.756652517,190860.89058811014,0.0,0.0,0.0,2097804.3809011686,0.0,0.0,0.0,2097806.2998216623,PORTED_CYL,200.0,1220.0,3.0,160.0,0.0,0.0,0.0,0.0,0.0
1839207.0673666857,1.6e-06,19.0909863839714,225673.33097506728,0.0,-7.291989010153591,0.0,9476731.98345528,0.0,-7.291989010153591,0.0,9476731.334882727,225673.33097506728,0.0,-7.291989010153591,0.0,2372972.9131214498,0.0,-7.291989010153591,0.0,2372972.2645488973,PORTED_CYL,200.0,1220.0,3.0,180.0,0.0,0.0,0.0,0.0,0.0
1904537.0244876167,1.6e-06,7.290627550570753,86895.8804858164,0.0,0.0,0.0,3721552.6599329384,0.0,0.0,0.0,3721552.621671391,86895.8804858164,0.0,0.0,0.0,1008709.5144101151,0.0,0.0,0.0,1008709.4761485674,PORTED_CYL,220.0,1220.0,3.0,100.0,0.0,0.0,0.0,0.0,0.0
1944773.7831522615,1.6e-06,9.485531362621398,116717.87556026853,0.0,0.0,0.0,4799315.806674665,0.0,0.0,0.0,4799315.295981949,116717.87556026853,0.0,0.0,0.0,1269748.6266132884,0.0,0.0,0.0,1269748.115920573,PORTED_CYL,220.0,1220.0,3.0,120.0,0.0,0.0,0.0,0.0,0.0
1991530.9609573202,1.6e-06,12.618601717215501,161029.31679609691,0.0,0.0,0.0,6332004.192360907,0.0,0.0,0.0,6332003.969768044,161029.31679609691,0.0,0.0,0.0,1636622.526330027,0.0,0.0,0.0,1636622.3037371633,PORTED_CYL,220.0,1220.0,3.0,140.0,0.0,0.0,0.0,0.0,0.0
2033510.035277108,1.6e-06,16.858143955888778,223795.58257383376,0.0,0.0,0.0,8399203.247697696,0.0,0.0,0.0,8399202.03771993,223795.58257383376,0.0,0.0,0.0,2126274.7213992416,0.0,0.0,0.0,2126273.511421475,PORTED_CYL,220.0,1220.0,3.0,160.0,0.0,0.0,0.0,0.0,0.0
2036962.479864169,1.6e-06,20.522642170065975,284653.007347646,0.0,0.0,0.0,10195229.050745117,0.0,0.0,0.0,10195229.196038067,284653.007347646,0.0,0.0,0.0,2558753.951169616,0.0,0.0,0.0,2558754.096462567,PORTED_CYL,220.0,1220.0,3.0,180.0,0.0,0.0,0.0,0.0,0.0
2078527.2930332571,1.6e-06,7.465146739547831,104818.46971949676,0.0,0.0,0.0,3835889.0656678053,0.0,0.0,0.0,3835889.076990773,104818.46971949676,0.0,0.0,0.0,1058107.3591762194,0.0,0.0,0.0,1058107.3704991874,PORTED_CYL,240.0,1220.0,3.0,100.0,0.0,0.0,0.0,0.0,0.0
2115692.9703808236,1.6e-06,9.4525690702399,136405.38469823316,0.0,0.0,0.0,4814103.12834454,0.0,0.0,0.0,4814103.078588465,136405.38469823316,0.0,0.0,0.0,1296801.292287113,0.0,0.0,0.0,1296801.2425310386,PORTED_CYL,240.0,1220.0,3.0,120.0,0.0,0.0,0.0,0.0,0.0
2158806.671502297,1.6e-06,12.271301104048845,182793.97986497713,0.0,0.0,0.0,6196391.860302729,0.0,0.0,0.0,6196392.089846061,182793.97986497713,0.0,0.0,0.0,1630240.7876831589,0.0,0.0,0.0,1630241.0172264911,PORTED_CYL,240.0,1220.0,3.0,140.0,0.0,0.0,0.0,0.0,0.0
2207901.137053136,1.6e-06,16.111258304675054,248435.2640279797,0.0,0.0,0.0,8072778.203102692,0.0,0.0,0.0,8072776.674539396,248435.2640279797,0.0,0.0,0.0,2077778.6991608192,0.0,0.0,0.0,2077777.1705975228,PORTED_CYL,240.0,1220.0,3.0,160.0,0.0,0.0,0.0,0.0,0.0
2236268.0998300333,1.6e-06,20.834938472916,333530.40812568343,0.0,0.0,0.0,10376931.323485343,0.0,0.0,0.0,10376931.219050465,333530.40812568343,0.0,0.0,0.0,2624251.624856876,0.0,0.0,0.0,2624251.520421998,PORTED_CYL,240.0,1220.0,3.0,180.0,0.0,0.0,0.0,0.0,0.0
2256121.399419173,1.6e-06,7.689150233205522,125656.49855484634,0.0,0.0,0.0,3977353.4725535433,0.0,0.0,0.0,3977353.5530468565,125656.49855484634,0.0,0.0,0.0,1116220.1054362662,0.0,0.0,0.0,1116220.1859295792,PORTED_CYL,260.0,1220.0,3.0,100.0,0.0,0.0,0.0,0.0,0.0
2290680.792208759,1.6e-06,9.506822855892466,159098.31545077218,0.0,0.0,0.0,4874319.129560591,0.0,0.0,0.0,4874319.112386392,159098.31545077218,0.0,0.0,0.0,1336829.5198811,0.0,0.0,0.0,1336829.5027069014,PORTED_CYL,260.0,1220.0,3.0,120.0,0.0,0.0,0.0,0.0,0.0
2330733.2599537424,1.6e-06,12.073174423733454,207774.34478190873,0.0,0.0,0.0,6136151.257191807,0.0,0.0,0.0,6136152.84808664,207774.34478190873,0.0,0.0,0.0,1643721.8715360544,0.0,0.0,0.0,1643723.4624308876,PORTED_CYL,260.0,1220.0,3.0,140.0,0.0,0.0,0.0,0.0,0.0
2376244.9602797693,1.6e-06,15.546334832558816,275904.9684728379,0.0,0.0,0.0,7837787.769667497,0.0,0.0,0.0,7837788.094299931,275904.9684728379,0.0,0.0,0.0,2052996.6430922707,0.0,0.0,0.0,2052996.9677247046,PORTED_CYL,260.0,1220.0,3.0,160.0,0.0,0.0,0.0,0.0,0.0
2427296.774717176,1.6e-06,20.113986925437743,368775.65926738107,0.0,0.0,0.0,10067989.608436598,0.0,0.0,0.0,10067989.057250611,368775.65926738107,0.0,0.0,0.0,2583575.044827074,0.0,0.0,0.0,2583574.493641088,PORTED_CYL,260.0,1220.0,3.0,180.0,0.0,0.0,0.0,0.0,0.0
2437091.802286959,1.6e-06,7.952403640867261,149662.34694219145,0.0,0.0,0.0,4141082.8296965864,0.0,0.0,0.0,4141082.810350328,149662.34694219145,0.0,0.0,0.0,1181992.901727615,0.0,0.0,0.0,1181992.8823813568,PORTED_CYL,280.0,1220.0,3.0,100.0,0.0,0.0,0.0,0.0,0.0
2469405.406555392,1.6e-06,9.628230624172994,185025.23822554218,0.0,0.0,0.0,4970335.893537389,0.0,0.0,0.0,4970335.930257177,185025.23822554218,0.0,0.0,0.0,1387670.5020654306,0.0,0.0,0.0,1387670.5387852183,PORTED_CYL,280.0,1220.0,3.0,120.0,0.0,0.0,0.0,0.0,0.0
2506836.8559881793,1.6e-06,11.98635728950088,236136.12434548873,0.0,0.0,0.0,6133036.55641179,0.0,0.0,0.0,6133037.320497138,236136.12434548873,0.0,0.0,0.0,1672911.7090813962,0.0,0.0,0.0,1672912.4731667452,PORTED_CYL,280.0,1220.0,3.0,140.0,0.0,0.0,0.0,0.0,0.0
2549317.558570073,1.6e-06,15.162990419250848,307075.7592719189,0.0,0.0,0.0,7693810.212728269,0.0,0.0,0.0,7693810.683667992,307075.7592719189,0.0,0.0,0.0,2051661.5763491609,0.0,0.0,0.0,2051662.0472888832,PORTED_CYL,280.0,1220.0,3.0,160.0,0.0,0.0,0.0,0.0,0.0
2596865.13405455,1.6e-06,19.31473814037904,402815.82633506606,0.0,0.0,0.0,9726860.87861343,0.0,0.0,0.0,9726861.22981679,402815.82633506606,0.0,0.0,0.0,2539846.8524914454,0.0,0.0,0.0,2539847.203694807,PORTED_CYL,280.0,1220.0,3.0,180.0,0.0,0.0,0.0,0.0,0.0
2621272.5365228816,1.6e-06,8.247859494952381,177097.99092287227,0.0,0.0,0.0,4323784.084512697,0.0,0.0,0.0,4323785.837785206,177097.99092287227,0.0,0.0,0.0,1254755.5765345916,0.0,0.0,0.0,1254757.3298071004,PORTED_CYL,300.0,1220.0,3.0,100.0,0.0,0.0,0.0,0.0,0.0
2651626.2272091317,1.6e-06,9.803010144134314,214430.2383279252,0.0,0.0,0.0,5095581.776877431,0.0,0.0,0.0,5095581.865496474,214430.2383279252,0.0,0.0,0.0,1447881.9821813155,0.0,0.0,0.0,1447882.0708003584,PORTED_CYL,300.0,1220.0,3.0,120.0,0.0,0.0,0.0,0.0,0.0
2686780.423925993,1.6e-06,11.985714169578484,268082.9815024263,0.0,0.0,0.0,6174982.703675145,0.0,0.0,0.0,6174982.146990318,268082.9815024263,0.0,0.0,0.0,1715097.5014059455,0.0,0.0,0.0,1715096.9447211185,PORTED_CYL,300.0,1220.0,3.0,140.0,0.0,0.0,0.0,0.0,0.0
2726649.50757868,1.6e-06,14.91658399956854,342062.73379557347,0.0,0.0,0.0,7619392.304351062,0.0,0.0,0.0,7619396.5069282185,342062.73379557347,0.0,0.0,0.0,2068931.4254548538,0.0,0.0,0.0,2068935.6280320107,PORTED_CYL,300.0,1220.0,3.0,160.0,0.0,0.0,0.0,0.0,0.0
2771202.797643138,1.6e-06,18.728231338064866,441105.8004361576,0.0,0.0,0.0,9491527.105649425,0.0,0.0,0.0,9491523.316757074,441105.8004361576,0.0,0.0,0.0,2522752.582203772,0.0,0.0,0.0,2522748.793311421,PORTED_CYL,300.0,1220.0,3.0,180.0,0.0,0.0,0.0,0.0,0.0
2808534.6907496057,1.6e-06,8.569949545479705,208225.02072039776,0.0,0.0,0.0,4522847.117795759,0.0,0.0,0.0,4522849.035092467,208225.02072039776,0.0,0.0,0.0,1333968.9193534215,0.0,0.0,0.0,1333970.8366501303,PORTED_CYL,320.0,1220.0,3.0,100.0,0.0,0.0,0.0,0.0,0.0
2837163.5904116863,1.6e-06,10.021417558252478,247569.71673130582,0.0,0.0,0.0,5245459.762551269,0.0,0.0,0.0,5245461.462755954,247569.71673130582,0.0,0.0,0.0,1516490.4215826807,0.0,0.0,0.0,1516492.1217873665,PORTED_CYL,320.0,1220.0,3.0,120.0,0.0,0.0,0.0,0.0,0.0
2870317.6694133994,1.6e-06,12.054302720650703,303850.555499605,0.0,0.0,0.0,6253977.29170873,0.0,0.0,0.0,6253978.467497331,303850.555499605,0.0,0.0,0.0,1768552.4961265726,0.0,0.0,0.0,1768553.6719151738,PORTED_CYL,320.0,1220.0,3.0,140.0,0.0,0.0,0.0,0.0,0.0
2907900.7241881406,1.6e-06,14.776318251178425,381026.14806492545,0.0,0.0,0.0,7599687.636286693,0.0,0.0,0.0,7599688.048205343,381026.14806492545,0.0,0.0,0.0,2101418.2803221485,0.0,0.0,0.0,2101418.6922407993,PORTED_CYL,320.0,1220.0,3.0,160.0,0.0,0.0,0.0,0.0,0.0
2949862.388140725,1.6e-06,18.304943287101313,483709.26224543224,0.0,0.0,0.0,9338434.459085397,0.0,0.0,0.0,9338436.356721774,483709.26224543224,0.0,0.0,0.0,2527165.0824444317,0.0,0.0,0.0,2527166.980080808,PORTED_CYL,320.0,1220.0,3.0,180.0,0.0,0.0,0.0,0.0,0.0
2998784.1922338246,1.6e-06,8.914981958669822,243317.1333587471,0.0,0.0,0.0,4736617.828604859,0.0,0.0,0.0,4736619.449014524,243317.1333587471,0.0,0.0,0.0,1419353.0605942348,0.0,0.0,0.0,1419354.6810038993,PORTED_CYL,340.0,1220.0,3.0,100.0,0.0,0.0,0.0,0.0,0.0
3025879.23261408,1.6e-06,10.276085568878745,284705.23027188587,0.0,0.0,0.0,5416502.976223773,0.0,0.0,0.0,5416505.6046998445,284705.23027188587,0.0,0.0,0.0,1592771.561317228,0.0,0.0,0.0,1592774.1897932994,PORTED_CYL,340.0,1220.0,3.0,120.0,0.0,0.0,0.0,0.0,0.0
3057259.074528016,1.6e-06,12.179005984198161,343676.6634330063,0.0,0.0,0.0,6363680.363673946,0.0,0.0,0.0,6363679.633294346,343676.6634330063,0.0,0.0,0.0,1831872.305699277,0.0,0.0,0.0,1831871.5753196767,PORTED_CYL,340.0,1220.0,3.0,140.0,0.0,0.0,0.0,0.0,0.0
3092823.6617145697,1.6e-06,14.721950409845094,424184.164191615,0.0,0.0,0.0,7625133.192515152,0.0,0.0,0.0,7625133.551225172,424184.164191615,0.0,0.0,0.0,2147094.2186376397,0.0,0.0,0.0,2147094.5773476604,PORTED_CYL,340.0,1220.0,3.0,160.0,0.0,0.0,0.0,0.0,0.0
3132507.493245852,1.6e-06,18.009558322091003,530745.5072804721,0.0,0.0,0.0,9250645.246650368,0.0,0.0,0.0,9250646.428336341,530745.5072804721,0.0,0.0,0.0,2549286.8150689374,0.0,0.0,0.0,2549287.996754911,PORTED_CYL,340.0,1220.0,3.0,180.0,0.0,0.0,0.0,0.0,0.0
3191944.15654623,1.6e-06,9.279988342136875,282650.3666430621,0.0,0.0,0.0,4963792.505590581,0.0,0.0,0.0,4963794.351649378,282650.3666430621,0.0,0.0,0.0,1510708.8618846333,0.0,0.0,0.0,1510710.7079434302,PORTED_CYL,360.0,1220.0,3.0,100.0,0.0,0.0,0.0,0.0,0.0
3217666.037876902,1.6e-06,10.561539249753308,326106.07651416585,0.0,0.0,0.0,5606191.77610154,0.0,0.0,0.0,5606195.113525293,326106.07651416585,0.0,0.0,0.0,1676243.0505112554,0.0,0.0,0.0,1676246.3879350075,PORTED_CYL,360.0,1220.0,3.0,120.0,0.0,0.0,0.0,0.0,0.0
3247460.449488085,1.6e-06,12.350821952804347,387823.8429781024,0.0,0.0,0.0,6499957.619794525,0.0,0.0,0.0,6499957.992953458,387823.8429781024,0.0,0.0,0.0,1904216.932922122,0.0,0.0,0.0,1904217.3060810552,PORTED_CYL,360.0,1220.0,3.0,140.0,0.0,0.0,0.0,0.0,0.0
3281224.9148923117,1.6e-06,14.737819531737632,471763.1070720807,0.0,0.0,0.0,7688264.325785758,0.0,0.0,0.0,7688264.944086341,471763.1070720807,0.0,0.0,0.0,2204320.251783579,0.0,0.0,0.0,2204320.8700841623,PORTED_CYL,360.0,1220.0,3.0,160.0,0.0,0.0,0.0,0.0,0.0
3318886.101864361,1.6e-06,17.81734472235162,582389.9233710314,0.0,0.0,0.0,9216360.372612713,0.0,0.0,0.0,9216361.553551838,582389.9233710314,0.0,0.0,0.0,2586524.7759603686,0.0,0.0,0.0,2586525.956899494,PORTED_CYL,360.0,1220.0,3.0,180.0,0.0,0.0,0.0,0.0,0.0
3387954.5402534963,1.6e-06,9.662645738328662,326504.7783627856,0.0,0.0,0.0,5203374.866836202,0.0,0.0,0.0,5203376.959379083,326504.7783627856,0.0,0.0,0.0,1607904.4056827002,0.0,0.0,0.0,1607906.4982255807,PORTED_CYL,380.0,1220.0,3.0,100.0,0.0,0.0,0.0,0.0,0.0
3412438.700558334,1.6e-06,10.873585741770738,372048.2819500576,0.0,0.0,0.0,5812627.720715727,0.0,0.0,0.0,5812631.235665256,372048.2819500576,0.0,0.0,0.0,1766564.457675161,0.0,0.0,0.0,1766567.97262469,PORTED_CYL,380.0,1220.0,3.0,120.0,0.0,0.0,0.0,0.0,0.0
3440807.322575592,1.6e-06,12.562610813474983,436558.70221533714,0.0,0.0,0.0,6659463.890840779,0.0,0.0,0.0,6659467.844528889,436558.70221533714,0.0,0.0,0.0,1984916.5659611186,0.0,0.0,0.0,1984920.5196492292,PORTED_CYL,380.0,1220.0,3.0,140.0,0.0,0.0,0.0,0.0,0.0
3472954.0833846233,1.6e-06,14.812411540498394,524010.1961893157,0.0,0.0,0.0,7783628.985716916,0.0,0.0,0.0,7783629.424219961,524010.1961893157,0.0,0.0,0.0,2271955.2268843777,0.0,0.0,0.0,2271955.6653874237,PORTED_CYL,380.0,1220.0,3.0,160.0,0.0,0.0,0.0,0.0,0.0
3508803.4318150883,1.6e-06,17.71005254099413,638849.5390805155,0.0,0.0,0.0,9226913.621395227,0.0,0.0,0.0,9226914.700049497,638849.5390805155,0.0,0.0,0.0,2637001.5619151765,0.0,0.0,0.0,2637002.640569448,PORTED_CYL,380.0,1220.0,3.0,180.0,0.0,0.0,0.0,0.0,0.0
