ADAPTER_DIAMETER,ADAPTER_LENGTH,CAN_DIAMETER,CAN_LENGTH,CORPUS,COST,ESC_BEC_Class,INTERNAL_RESISTANCE,IO_IDLE_CURRENT_10V,KM,KT,KV,LENGTH,MAX_CURRENT,MAX_POWER,MODEL,MODEL_NAME,Max_Cells,Min_Cells,PROP_PITCH_REC,PROP_SIZE_REC,Poles,SHAFT_DIAMETER,TOTAL_LENGTH,WEIGHT
10,20,108.6,18,Both,842.95,1,23,1,0.59937685031677,0.0909,105,65.2,142,7355,kde_direct_KDE10218XF_105,kde_direct_KDE10218XF_105,14,6,"10,30","22,38",,10,74.7,1.18
10,20,150.2,18,Both,1325.95,1,13,3.1,1.08755194394072,0.124,105,65.2,150,9135,kde_direct_KDE13218XF_105,kde_direct_KDE13218XF_105,14,6,"10,30","22,40",,10,74.7,2.12
"6,8",20,48.2,15,Both,153.95,1,52,0.7,0.0898984469789705,0.0205,468,36,62,1375,kde_direct_KDE4215XF_465,kde_direct_KDE4215XF_465,6,4,"4,18","16,22",,4,48.2,0.25
"6,8",20,60,15,Both,205.95,1,78,0.5,0.155396927666557,0.0434,220,41,44,1955,kde_direct_KDE5215XF_220,kde_direct_KDE5215XF_220,12,6,"4,20","18,26",,4,53.3,0.361
"6,8",20,60,15,Both,201.95,1,44,0.7,0.137775344145988,0.0289,330,41,62,1835,kde_direct_KDE5215XF_330,kde_direct_KDE5215XF_330,8,4,"4,20","16,24",,4,53.3,0.36
"6,8",20,60,15,Both,201.95,1,31,1.4,0.124951603534354,0.022,435,41,72,1595,kde_direct_KDE5215XF_435,kde_direct_KDE5215XF_435,8,4,"4,20","16,24",,4,53.3,0.36
5,0,46,40,Both,207.95,1,7,3.4,0.103984889012092,0.0087,1100,56,112,3335,kde_direct_KDE600XF_1100_G3,kde_direct_KDE600XF_1100_G3,8,4,nan,nan,,6,96.5,0.375
6,0,46,46,Both,229.95,1,17,1.2,0.138053697992527,0.018,530,62,88,3905,kde_direct_KDE600XF_530_G3,kde_direct_KDE600XF_530_G3,12,6,nan,nan,,6,102.5,0.425
"6,10",20,70,13,Both,264.95,1,72,0.6,0.192301846064982,0.0516,185,39,50,2755,kde_direct_KDE6213XF_185,kde_direct_KDE6213XF_185,12,6,"6,24","18,28",,4,53.3,0.415
"6,10",20,77.2,15,Both,350.95,1,48,1.9,0.21452466835619,0.047,205,44.5,57,3000,kde_direct_KDE6815XF_205,kde_direct_KDE6815XF_205,12,6,"6,26","18,28",,4,56.8,0.63
6,0,56,52.8,Both,330.95,1,18,1.1,0.241495341569977,0.0324,295,74.7,139,7195,kde_direct_KDE700XF_295_G3,kde_direct_KDE700XF_295_G3,16,10,nan,nan,,8,125.7,0.695
8,5,56,52.8,Both,330.95,1,10,2.2,0.21,0.021,455,74.7,135,6995,kde_direct_KDE700XF_455_G3,kde_direct_KDE700XF_455_G3,16,10,nan,nan,,6,125.7,0.7
6,0,56,41.8,Both,296.95,1,9,2.4,0.187628474503324,0.0178,535,63.7,126,5595,kde_direct_KDE700XF_535_G3,kde_direct_KDE700XF_535_G3,14,8,nan,nan,,6,114.7,0.56
"8,10",20,79.5,8,Both,360.95,1,113,0.4,0.210319815468636,0.0707,135,42.5,58,2145,kde_direct_KDE7208XF_135,kde_direct_KDE7208XF_135,12,6,"8,28","20,32",,10,56.8,0.445
10,20,79.5,15,Both,383.95,1,74,0.5,0.259898368910161,0.0707,135,49.5,85,4405,kde_direct_KDE7215XF_135,kde_direct_KDE7215XF_135,14,6,"10,30","20,32",,10,66.3,0.64
10,20,88.5,18,Both,615.95,1,42,0.8,0.388408229033516,0.0796,120,62,110,5695,kde_direct_KDE8218XF_120,kde_direct_KDE8218XF_120,14,6,"10,30","22,34",,10,71.5,0.845
10,14.5,107,5,Both,249.9,2,168,0.9,0.258865534289167,0.106103295394597,90,23,32,1500,t_motor_AntigravityMN1005V2KV90,t_motor_AntigravityMN1005V2KV90,16,12,"6,16","28,34",,4,26,0.282
6,26,35,6,Both,59.9,2,275,0.2,0.0280150678396862,0.014691225516175,650,18.4,12.3,275,t_motor_AntigravityMN2806KV401,t_motor_AntigravityMN2806KV401,6,4,"2,8","10,14",,4,26,0.046
6,26,35,6,Both,59.9,2,645,0.2,0.0297256618702602,0.0238732414637843,400,18.4,9.4,216,t_motor_AntigravityMN2806KV650,t_motor_AntigravityMN2806KV650,6,4,"2,8","10,14",,4,26,0.046
6,26,44.35,4,Both,72.95,2,452,0.2,0.0473457401159953,0.0318309886183791,300,19,9,216,t_motor_AntigravityMN4004KV300,t_motor_AntigravityMN4004KV300,6,4,"3,8","12,18",,4,27.5,0.053
6,26,44.35,4,Both,72.95,2,359,0.2,0.0398441133025884,0.0238732414637843,400,19,12,300,t_motor_AntigravityMN4004KV400,t_motor_AntigravityMN4004KV400,6,4,"3,8","12,18",,4,27.5,0.053
6,26,44.35,6,Both,74.95,2,194,0.3,0.0570541080745565,0.0251297278566151,380,21,16,380,t_motor_AntigravityMN4006KV380,t_motor_AntigravityMN4006KV380,6,4,"3,8","12,18",,4,29.5,0.068
6,26,55.6,6,Both,84.99,2,125,0.6,0.0900316316157106,0.0318309886183791,300,25,20,500,t_motor_AntigravityMN5006KV300,t_motor_AntigravityMN5006KV300,6,4,"4,12","16,20",,4,30,0.108
6,26,55.6,6,Both,84.99,2,60,0.9,0.0866329779148529,0.0212206590789194,450,25,26,650,t_motor_AntigravityMN5006KV450,t_motor_AntigravityMN5006KV450,6,4,"4,12","14,18",,4,30,0.106
6,26,55.6,8,Both,89.99,2,270,0.4,0.108103704984665,0.0561723328559631,170,27,15,720,t_motor_AntigravityMN5008KV170,t_motor_AntigravityMN5008KV170,12,6,"4,12","16,20",,4,32,0.128
6,26,55.6,8,Both,89.99,2,55,0.9,0.119759816042571,0.0280861664279815,340,27,35,760,t_motor_AntigravityMN5008KV340,t_motor_AntigravityMN5008KV340,12,6,"4,10","16,20",,4,32,0.135
6,26,55.6,8,Both,89.99,2,50,1.1,0.106764381512577,0.0238732414637843,400,27,35,800,t_motor_AntigravityMN5008KV400,t_motor_AntigravityMN5008KV400,12,6,"4,10","14,18",,4,32,0.132
6,26,67.2,7,Both,129.99,2,178,0.5,0.141462522579402,0.0596831036594608,160,21.1,23.7,1120,t_motor_AntigravityMN6007IIKV160,t_motor_AntigravityMN6007IIKV160,12,6,"4,12","18,24",,4,26.1,0.159
6,26,67.2,7,Both,129.99,2,47.5,1,0.13692243025708,0.0298415518297304,320,21.1,44.2,1040,t_motor_AntigravityMN6007IIKV320,t_motor_AntigravityMN6007IIKV320,12,6,"4,10","18,24",,4,26.1,0.161
6,26,67,7,Both,119.99,2,227,0.5,0.125267517480778,0.0596831036594608,160,25.1,18,864,t_motor_AntigravityMN6007KV160,t_motor_AntigravityMN6007KV160,12,6,"4,12","18,24",,4,30.1,0.18
6,26,67,7,Both,119.99,2,50,1.4,0.133455476890721,0.0298415518297304,320,25.1,39,936,t_motor_AntigravityMN6007KV320,t_motor_AntigravityMN6007KV320,12,6,"4,10","18,24",,4,30.1,0.18
10,14.5,79,5,Both,219.99,2,288,0.4,0.154730987699386,0.0830373616131628,115,21.8,15,750,t_motor_AntigravityMN7005KV115,t_motor_AntigravityMN7005KV115,12,6,"4,14","20,28",,4,37.8,0.188
10,14.5,79,5,Both,219.99,2,71,0.9,0.155816832513791,0.0415186808065814,230,21.8,28,700,t_motor_AntigravityMN7005KV230,t_motor_AntigravityMN7005KV230,12,6,"4,12","20,26",,4,37.8,0.188
10,14.5,87.8,12,Both,269.9,2,85,1,0.327538170704359,0.0954929658551372,100,29,40,1873,t_motor_AntigravityMN8012KV100,t_motor_AntigravityMN8012KV100,16,12,"6,16","26,32",,4,32,0.351
10,14.5,87.8,14,Both,279.9,2,65,1.4,0.374554227927842,0.0954929658551372,100,31.5,52,2423,t_motor_AntigravityMN8014KV100,t_motor_AntigravityMN8014KV100,16,12,"6,16","26,32",,4,34.5,0.392
10,14.5,87.8,17,Both,289.9,2,45,1.8,0.375131798398794,0.0795774715459477,120,34.5,68.6,3180,t_motor_AntigravityMN8017KV120,t_motor_AntigravityMN8017KV120,16,12,"6,16","26,32",,4,37.5,0.453
6,0,69,15,Both,107.9,2,80,1,0.198599187387597,0.0561723328559631,170,33.5,38,1800,t_motor_P60KV170,t_motor_P60KV170,14,6,"4,20","16,24",,6,40.8,0.375
6,0,69,15,Both,107.9,2,35,2,0.150126874402028,0.0280861664279815,340,33.5,65,1550,t_motor_P60KV340,t_motor_P60KV340,8,6,"4,20","16,24",,6,40.8,0.375
10,0,91.6,18,Both,199.9,2,48,1.6,0.43586376234941,0.0954929658551372,100,40,60,2700,t_motor_P80IIIKV100,t_motor_P80IIIKV100,14,6,"8,30","18,34",,10,53.5,0.649
10,0,91.6,18,Both,199.9,2,38,2,0.408223815599073,0.0795774715459477,120,40,70,3600,t_motor_P80IIIKV120,t_motor_P80IIIKV120,14,6,"8,30","18,34",,10,53.5,0.649
7,14.5,98.6,10,Both,339.99,2,101,1,0.300476626787588,0.0954929658551372,100,30.1,32.4,1600,t_motor_U10IIKV100,t_motor_U10IIKV100,14,8,"6,20","24,32",,10,33.1,0.415
7,14.5,79.5,18,Both,349.9,2,80,1.5,0.281348848799096,0.0795774715459477,120,51.6,57.3,2783,t_motor_U11IIKV120,t_motor_U11IIKV120,12,6,"6,16","24,30",,10,54,0.772
7,14.5,106.8,18,Both,369.9,2,22,1.5,0.536511203714505,0.0795774715459477,120,40,95,4560,t_motor_U12IIKV120,t_motor_U12IIKV120,14,10,"6,20","24,32",,10,47.6,0.778
7,14.5,106.8,18,Both,369.9,2,75,1.7,0.581151683132547,0.159154943091895,60,40,41,4000,t_motor_U12IIKV60,t_motor_U12IIKV60,25,22,"6,20","24,34",,10,47.6,0.803
7,14.5,100,20,Both,379.9,2,18,1.5,0.547509648782444,0.0734561275808748,130,57,118,5659,t_motor_U13IIKV130,t_motor_U13IIKV130,14,10,"8,30","26,34",,10,60,0.99
7,14.5,100,20,Both,379.9,2,73,1.7,0.543746651278758,0.14691225516175,65,57,68,6720,t_motor_U13IIKV65,t_motor_U13IIKV65,25,22,"8,30","26,34",,10,60,0.975
12,0,147.5,18,Both,689.9,2,12,4.5,0.871727524698821,0.0954929658551372,100,55,150,9942,t_motor_U15IIKV100,t_motor_U15IIKV100,24,12,"8,30","26,42",,12,83,1.74
12,0,147.5,18,Both,689.9,2,17,3.8,0.915497018651095,0.119366207318922,80,55,143,8580,t_motor_U15IIKV80,t_motor_U15IIKV80,24,12,"8,30","26,42",,12,83,1.74
6,26,41.8,15,Both,109.9,2,50,0.5,0.0610082180071866,0.0136418522650196,700,33.3,25,500,t_motor_U3KV700,t_motor_U3KV700,4,3,"3,6","10,14",,4,38.8,0.128
6,27.5,425,18,Both,125.9,2,116,0.3,0.0700942504644547,0.0238732414637843,400,37.5,30,850,t_motor_U5KV400,t_motor_U5KV400,8,3,"3,8","12,18",,4,47.05,0.195
6,27.5,60.7,15,Both,149.9,2,71,0.5,0.127992398136328,0.034104630662549,280,39.5,35,800,t_motor_U7_V2.0KV280,t_motor_U7_V2.0KV280,8,3,"4,12","16,24",,4,45,0.317
6,27.5,60.7,15,Both,149.9,2,33,0.9,0.125159875274946,0.0227364204416993,420,39.5,40,1180,t_motor_U7_V2.0KV420,t_motor_U7_V2.0KV420,8,3,"3,10","12,20",,4,45,0.296
6,27.5,60.7,15,Both,149.9,2,21,1.1,0.134482463053236,0.0194883603785994,490,39.5,44,1300,t_motor_U7_V2.0KV490,t_motor_U7_V2.0KV490,8,3,"3,10","12,20",,4,45,0.299
7,14.5,87.1,10,Both,309.99,2,170,0.7,0.231604461602489,0.0954929658551372,100,26.1,29.3,1406,t_motor_U8IIKV100,t_motor_U8IIKV100,12,6,"6,20","24,32",,10,29.1,0.272
7,14.5,87.1,10,Both,309.99,2,85,1,0.218358780469572,0.0636619772367581,150,26.1,29.7,1272,t_motor_U8IIKV150,t_motor_U8IIKV150,12,6,"6,20","24,32",,10,29.1,0.273
7,14.5,87.1,10,Both,309.99,2,48,1.3,0.2294019801839,0.0502594557132301,190,26.1,43.7,1048.8,t_motor_U8IIKV190,t_motor_U8IIKV190,12,6,"6,20","24,32",,10,29.1,0.277
7,14.5,87.1,10,Both,309.99,2,225,0.5,0.236843351079939,0.112344665711926,85,26.1,19.1,916.8,t_motor_U8IIKV85,t_motor_U8IIKV85,12,6,"6,20","24,32",,10,29.1,0.277
7,14.5,87.1,10,Both,299.99,2,170,0.7,0.231604461602489,0.0954929658551372,100,23.95,29.3,1406,t_motor_U8LiteKV100,t_motor_U8LiteKV100,12,6,"4,20","22,30",,10,26.95,0.238
7,14.5,87.1,10,Both,299.99,2,85,1,0.218358780469572,0.0636619772367581,150,23.95,29.7,1272,t_motor_U8LiteKV150,t_motor_U8LiteKV150,12,6,"4,20","22,30",,10,26.95,0.239
7,14.5,87.1,10,Both,299.99,2,48,1.3,0.2294019801839,0.0502594557132301,190,23.95,43.7,1048.8,t_motor_U8LiteKV190,t_motor_U8LiteKV190,12,6,"4,20","22,30",,10,26.95,0.243
7,14.5,87.1,10,Both,299.99,2,225,0.5,0.236843351079939,0.112344665711926,85,23.95,19.1,916.8,t_motor_U8LiteKV85,t_motor_U8LiteKV85,12,6,"4,20","24,30",,10,26.95,0.243
7,14.5,87.1,10,Both,329.9,2,105,0.9,0.267906991441151,0.0868117871410338,110,25.05,45.8,2140,t_motor_U8LiteLKV110,t_motor_U8LiteLKV110,12,6,"6,20","24,32",,10,28.05,0.282
7,14.5,87.1,10,Both,329.9,2,146,0.7,0.26307001456668,0.10051891142646,95,25.05,38,1790,t_motor_U8LiteLKV95,t_motor_U8LiteLKV95,12,6,"6,20","24,32",,10,28.05,0.28
5,9,28.3,6,UAV,28.95,1,44,1.2,0.0176390579010435,0.0037,2550,18,34,629,kde_direct_KDE2306XF_2550,kde_direct_KDE2306XF_2550,5,2,"3,5","5,8",,4,21.5,0.042
6,12,28.3,15,UAV,60.95,1,127,0.5,0.0303055307963809,0.0108,885,28.5,24,532,kde_direct_KDE2315XF_885,kde_direct_KDE2315XF_885,6,3,"3,5","9,12",,4,35.25,0.075
6,12,28.3,15,UAV,60.95,1,102,0.5,0.0309981024087149,0.0099,965,28.5,26,384,kde_direct_KDE2315XF_965,kde_direct_KDE2315XF_965,4,3,"3,5","9,12",,4,35.25,0.075
6,15,35.5,14,UAV,71.95,1,130,0.3,0.0513097681508337,0.0185,515,31.7,24,532,kde_direct_KDE2814XF_515,kde_direct_KDE2814XF_515,6,4,"3,6","12,16",,4,41.45,0.125
6,15,35.5,14,UAV,71.95,1,69,0.5,0.0468252997390532,0.0123,775,31.7,36,666,kde_direct_KDE2814XF_775,kde_direct_KDE2814XF_775,5,3,"3,6","12,16",,4,41.45,0.125
"6,8","17,17",42.2,10,UAV,92.95,1,105,0.2,0.062029946684761,0.0201,475,35,30,666,kde_direct_KDE3510XF_475,kde_direct_KDE3510XF_475,6,4,"4,6","12,16",,4,44.75,0.175
"6,8","17,17",42.2,10,UAV,92.95,1,54,0.5,0.0576644187101993,0.0134,715,35,45,832,kde_direct_KDE3510XF_715,kde_direct_KDE3510XF_715,5,3,"4,6","12,16",,4,44.75,0.175
"6,8","17,17",42.2,20,UAV,112.95,1,78,0.3,0.0855757274477122,0.0239,400,45,45,1332,kde_direct_KDE3520XF_400,kde_direct_KDE3520XF_400,8,4,"4,8","16,20",,4,54.25,0.245
"6,8","20,20",46.5,12,UAV,114.95,1,80,0.5,0.0844992603517924,0.0239,400,30,32,947,kde_direct_KDE4012XF_400,kde_direct_KDE4012XF_400,8,4,"4,8","16,20",,4,39.75,0.2
"6,8","20,20",46.5,14,UAV,118.95,1,75,0.5,0.0916522412891978,0.0251,380,32,36,1065,kde_direct_KDE4014XF_380,kde_direct_KDE4014XF_380,8,4,"4,8","16,22",,4,41.75,0.215
"6,8","20,20",48.2,13,UAV,133.95,1,81,0.4,0.0931115088827356,0.0265,360,34,38,1124,kde_direct_KDE4213XF_360,kde_direct_KDE4213XF_360,8,4,"4,8","16,22",,4,44,0.23
"5,6","24,28",29.4,8,UAV,18.99,3,88,0.74,0.0222004636019795,0.00658572178311291,1450,26,24,275,t_motor_AS2308KV1450,t_motor_AS2308KV1450,4,2,"5,7","7,10",12N14P,4,40.5,0.049
"5,6","24,28",29.4,8,UAV,18.99,3,30,1.62,0.0212049575162228,0.00367280637904374,2600,26,29,326,t_motor_AS2308KV2600,t_motor_AS2308KV2600,4,2,"3,6","4,8",12N14P,4,40.5,0.049
"5,6","24,28",29.4,12,UAV,19.99,3,81,0.76,0.0291763548431809,0.00830373616131628,1150,30,23,357,t_motor_AS2312KV1150,t_motor_AS2312KV1150,4,3,"5,7","7,10",12N14P,4,44.5,0.063
"5,6","24,28",29.4,12,UAV,19.99,3,50,1.05,0.0305041090035933,0.0068209261325098,1400,30,30,334,t_motor_AS2312KV1400,t_motor_AS2312KV1400,4,3,"5,7","7,9",12N14P,4,44.5,0.063
"5,6","24,28",29.4,17,UAV,21.95,3,50,1.7,0.0341646020840245,0.00763943726841098,1250,36,40,596,t_motor_AS2317KV1250,t_motor_AS2317KV1250,4,3,"5,7","8,11",12N14P,4,52,0.081
"5,6","24,28",29.4,17,UAV,21.95,3,35.2,1.68,0.0363556584414948,0.0068209261325098,1400,36,48,712,t_motor_AS2317KV1400,t_motor_AS2317KV1400,4,3,"5,7","8,10",12N14P,4,52,0.081
"5,6","24,28",29.4,17,UAV,21.95,3,80,0.74,0.0383657521089676,0.0108514733926292,880,36,26,394,t_motor_AS2317KV880,t_motor_AS2317KV880,4,3,"5,8","9,13",12N14P,4,52,0.081
6,30,36.2,14,UAV,33.99,3,34.6,1.35,0.0488927014188324,0.00909456817667973,1050,36,49,718,t_motor_AS2814KV1050,t_motor_AS2814KV1050,4,3,"4,7","9,14",12N14P,5,54.5,0.112
6,30,36.2,14,UAV,33.99,3,25.2,2.21,0.0501290951604515,0.00795774715459477,1200,36,61,885,t_motor_AS2814KV1200,t_motor_AS2814KV1200,4,3,"4,7","8,12",12N14P,5,54.5,0.112
6,30,36.2,14,UAV,33.99,3,11,4.5,0.04552448523949,0.00477464829275686,2000,36,42,441,t_motor_AS2814KV2000,t_motor_AS2814KV2000,3,2,"4,7","7,11",12N14P,5,54.5,0.116
6,30,36.2,14,UAV,33.99,3,43.5,1.35,0.0508726363083724,0.0106103295394597,900,36,37,553,t_motor_AS2814KV900,t_motor_AS2814KV900,4,3,"4,7","9,14",12N14P,5,54.5,0.11
6,30,36.2,20,UAV,34,3,23.2,2.6,0.0597087652839683,0.00909456817667973,1050,42,67,963,t_motor_AS2820KV1050,t_motor_AS2820KV1050,4,3,"5,8","10,13",12N14P,5,62.2,0.144
6,30,36.2,20,UAV,34,3,16.8,3.44,0.0589395381170533,0.00763943726841098,1250,42,77,1092,t_motor_AS2820KV1250,t_motor_AS2820KV1250,4,3,"5,8","8,12",12N14P,5,62.2,0.144
6,30,36.2,20,UAV,34,3,34,2,0.0588503772767506,0.0108514733926292,880,42,45,626,t_motor_AS2820KV880,t_motor_AS2820KV880,4,3,"5,7","11,14",12N14P,5,62.2,0.136
6,23,28.8,8,UAV,29.99,3,90,0.8,0.0219524059437097,0.00658572178311291,1450,26,23,250,t_motor_AT2308KV1450,t_motor_AT2308KV1450,4,2,"4,7","6,9",12N14P,4,40.5,0.047
6,23,28.8,8,UAV,29.99,3,28,1.8,0.0219492163038947,0.00367280637904374,2600,26,28,300,t_motor_AT2308KV2600,t_motor_AT2308KV2600,4,2,"4,6","5,7",12N14P,4,40.5,0.048
nan,nan,28.8,10,UAV,27.99,3,35,2.1,0.0232014260439497,0.00434058935705169,2200,24.8,45,650,t_motor_AT2310KV2200,t_motor_AT2310KV2200,4,3,"4,5","5,6",12N14P,6,49.8,0.052
6,23,28.8,12,UAV,34.99,3,75,0.85,0.0303209573808286,0.00830373616131628,1150,30,25,350,t_motor_AT2312KV1150,t_motor_AT2312KV1150,4,2,"4,7","8,10",12N14P,4,44.5,0.06
6,23,28.8,12,UAV,34.99,3,55,1.1,0.0290845267531959,0.0068209261325098,1400,30,30,320,t_motor_AT2312KV1400,t_motor_AT2312KV1400,4,2,"4,7","7,9",12N14P,4,44.5,0.06
6,23,28.8,17,UAV,39.99,3,52,1.3,0.0335011485962642,0.00763943726841098,1250,36,40,550,t_motor_AT2317KV1250,t_motor_AT2317KV1250,4,2,"4,7","8,11",12N14P,4,52,0.079
6,23,28.8,17,UAV,39.99,3,35,1.7,0.0364593837833496,0.0068209261325098,1400,36,45,700,t_motor_AT2317KV1400,t_motor_AT2317KV1400,4,2,"4,7","8,10",12N14P,4,52,0.08
6,23,28.8,17,UAV,39.99,3,82,0.9,0.0378949888557487,0.0108514733926292,880,36,25,350,t_motor_AT2317KV880,t_motor_AT2317KV880,4,2,"4,8","9,14",12N14P,4,52,0.079
6,23,28.8,21,UAV,44.99,3,38,1.8,0.039189486297511,0.00763943726841098,1250,40,45,700,t_motor_AT2321KV1250,t_motor_AT2321KV1250,4,2,"4,7","8,11",12N14P,4,56,0.094
6,23,28.8,21,UAV,44.99,3,65,1.2,0.0394267608345096,0.010051891142646,950,40,30,450,t_motor_AT2321KV950,t_motor_AT2321KV950,4,2,"4,7","9,12",12N14P,4,56,0.093
"6,8","30,36",35.2,14,UAV,49.99,3,35,1.5,0.0486125117111328,0.00909456817667973,1050,36,50,700,t_motor_AT2814KV1050,t_motor_AT2814KV1050,4,3,"4,7","9,13",12N14P,5,54.5,0.107
"6,8","30,36",35.2,14,UAV,49.99,3,26,1.8,0.0493518528124095,0.00795774715459477,1200,36,55,800,t_motor_AT2814KV1200,t_motor_AT2814KV1200,4,3,"4,6","9,12",12N14P,5,54.5,0.108
"6,8","30,36",35.2,14,UAV,49.99,3,82,1.2,0.0370528779922876,0.0106103295394597,900,36,45,650,t_motor_AT2814KV900,t_motor_AT2814KV900,4,3,"4,7","9,14",12N14P,5,54.5,0.108
"6,8","30,36",35.2,20,UAV,59.99,3,28,2,0.0543504403715488,0.00909456817667973,1050,43,65,900,t_motor_AT2820KV1050,t_motor_AT2820KV1050,4,3,"5,8","10,14",12N14P,5,63.5,0.139
"6,8","30,36",35.2,20,UAV,59.99,3,16,2.7,0.0603950545253845,0.00763943726841098,1250,43,70,1000,t_motor_AT2820KV1250,t_motor_AT2820KV1250,4,3,"4,8","9,13",12N14P,5,63.5,0.141
"6,8","30,36",35.2,20,UAV,59.99,3,39,1.6,0.0549485714778829,0.0108514733926292,880,43,45,700,t_motor_AT2820KV880,t_motor_AT2820KV880,4,3,"5,8","10,15",12N14P,5,63.5,0.139
"6,8","30,36",35.2,26,UAV,69.99,3,110,2.9,0.0261747386660917,0.00868117871410338,1100,49,59,900,t_motor_AT2826KV1100,t_motor_AT2826KV1100,4,3,"5,8","12,15",12N14P,5,69.5,0.175
"6,8","30,36",35.2,26,UAV,69.99,3,24,2.2,0.0684893826735,0.0106103295394597,900,49,57,820,t_motor_AT2826KV900,t_motor_AT2826KV900,4,3,"6,9","12,16",12N14P,5,69.5,0.175
"6,8","30,36",43,20,UAV,79.99,3,31,1.1,0.0986115637177747,0.0173623574282068,550,45,50,0,t_motor_AT3520KV550,t_motor_AT3520KV550,6,4,"5,8","13,15",12N14P,5,65,0.218
"6,8","30,36",43,20,UAV,79.99,3,20,1.6,0.0937829495996986,0.0132629119243246,720,45,70,1300,t_motor_AT3520KV720,t_motor_AT3520KV720,5,4,"5,8","13,15",12N14P,5,65,0.339
"6,8","30,36",43,20,UAV,79.99,3,14,2,0.0949485722224872,0.0112344665711926,850,45,70,1100,t_motor_AT3520KV850,t_motor_AT3520KV850,4,3,"5,7","13,15",12N14P,5,65,0.221
"6,8","30,36",43,30,UAV,99.99,3,18,1.9,0.122717679899513,0.0164643044577823,580,55,65,1400,t_motor_AT3530KV580,t_motor_AT3530KV580,6,4,"7,9","13,16",12N14P,5,75,0.298
"8,10","35,40",50,20,UAV,109.99,3,76,1,0.138555757560937,0.0381971863420549,250,45,45,2100,t_motor_AT4120KV250,t_motor_AT4120KV250,12,6,"6,10","14,18",12N14P,6,69,0.304
"8,10","35,40",50,20,UAV,109.99,3,21,2,0.131792813792171,0.0190985931710274,500,45,75,1700,t_motor_AT4120KV500,t_motor_AT4120KV500,6,4,"7,10","14,16",12N14P,6,69,0.305
"8,10","35,40",50,20,UAV,109.99,3,16,2.4,0.13481038956559,0.0170523153312745,560,45,80,1800,t_motor_AT4120KV560,t_motor_AT4120KV560,6,4,"7,9","14,16",12N14P,6,69,0.3
"8,10","35,40",50,25,UAV,115.99,3,68,1,0.146479522984175,0.0381971863420549,250,50,50,2200,t_motor_AT4125KV250,t_motor_AT4125KV250,12,6,"8,10","15,18",12N14P,6,74,0.35
"8,10","35,40",50,25,UAV,115.99,3,14,2.6,0.149456085905767,0.0176838825657662,540,50,85,2000,t_motor_AT4125KV540,t_motor_AT4125KV540,6,4,"7,9","13,16",12N14P,6,74,0.355
"8,10","35,40",50,30,UAV,119.99,3,60,1.4,0.169499304616017,0.0415186808065814,230,55,60,2500,t_motor_AT4130KV230,t_motor_AT4130KV230,12,6,"7,11","15,20",12N14P,6,79,0.408
"8,10","35,40",50,30,UAV,119.99,3,32,1.8,0.177940635854294,0.0318309886183791,300,55,75,3200,t_motor_AT4130KV300,t_motor_AT4130KV300,12,6,"7,11","15,20",12N14P,6,79,0.405
"8,10","35,40",50,30,UAV,119.99,3,17,2.5,0.162755025537973,0.0212206590789194,450,55,75,1800,t_motor_AT4130KV450,t_motor_AT4130KV450,8,6,"7,10","15,18",12N14P,6,79,0.408
nan,nan,27,4,UAV,25.9,2,290,0.3,0.012666141848571,0.0068209261325098,1400,12,8,88,t_motor_MN22041400KV,t_motor_MN22041400KV,3,2,"2,3","5,8",12N14P,2,16.5,0.023
5,24,27.5,12,UAV,46.9,2,173,0.4,0.029434301070491,0.0122426879301458,780,16,13,200,t_motor_MN2212KV780,t_motor_MN2212KV780,4,2,"3,4","8,11",9N12P,4,32.6,0.065
5,24,24,12,UAV,46.9,2,142,0.5,0.0275447847233776,0.0103796702016453,920,16,15,220,t_motor_MN2212KV920,t_motor_MN2212KV920,4,2,"2,3","7,9",9N12P,4,32.6,0.065
6,26,37.7,10,UAV,61.9,2,135,0.3,0.0552976454775657,0.0203176523096037,470,30,15,330,t_motor_MN3110KV470,t_motor_MN3110KV470,6,3,"3,5","10,15",12N14P,4,37.1,0.098
6,26,37.7,10,UAV,61.9,2,92,0.3,0.0449758550225201,0.0136418522650196,700,30,21,0,t_motor_MN3110KV700,t_motor_MN3110KV700,6,3,"3,5","10,13",12N14P,4,37.1,0.099
6,26,37.7,10,UAV,61.9,2,71,0.4,0.0459459890745795,0.0122426879301458,780,30,26,481,t_motor_MN3110KV780,t_motor_MN3110KV780,6,3,"3,4","9,12",12N14P,4,37.1,0.1
6,26,41.8,8,UAV,69.9,2,205,0.4,0.0555022839410317,0.0251297278566151,380,27,14,0,t_motor_MN3508KV380,t_motor_MN3508KV380,6,3,"4,6","12,16",12N14P,4,35.1,0.103
6,26,41.8,8,UAV,69.9,2,110,0.4,0.049641745746036,0.0164643044577823,580,27,18,400,t_motor_MN3508KV580,t_motor_MN3508KV580,4,3,"4,5","12,15",12N14P,4,35.1,0.103
6,26,41.8,8,UAV,69.9,2,72,0.5,0.0508401816726555,0.0136418522650196,700,27,23,510,t_motor_MN3508KV700,t_motor_MN3508KV700,4,3,"3,5","11,13",12N14P,4,35.1,0.104
6,26,41.8,10,UAV,79.9,2,188,0.4,0.0611772507976394,0.0265258238486492,360,29,15,330,t_motor_MN3510KV360,t_motor_MN3510KV360,6,3,"4,6","12,16",12N14P,4,37.1,0.117
6,26,41.8,10,UAV,79.9,2,65,0.5,0.0594530520520383,0.0151576136277996,630,29,22,495,t_motor_MN3510KV630,t_motor_MN3510KV630,4,3,"4,5","12,14",12N14P,4,37.1,0.119
6,26,41.8,10,UAV,79.9,2,50,0.5,0.0610082180071866,0.0136418522650196,700,29,25,555,t_motor_MN3510KV700,t_motor_MN3510KV700,4,3,"3,5","11,14",12N14P,4,37.1,0.118
6,31.5,42.5,15,UAV,96.9,2,116,0.3,0.0700942504644547,0.0238732414637843,400,34,30,900,t_motor_MN3515KV400,t_motor_MN3515KV400,8,4,"3,6","12,17",12N14P,4,43,0.183
"6,8","31.5,31.5",42.5,20,UAV,109.9,2,82,1.2,0.0833689754826471,0.0238732414637843,400,42,38,1140,t_motor_MN3520KV400,t_motor_MN3520KV400,8,4,"4,6","14,18",12N14P,4,50.6,0.222
"6,8","31.5,31.5",44.7,10,UAV,86.9,2,98,0.8,0.0824435378475495,0.0258089096905776,370,30,20,450,t_motor_MN4010KV370,t_motor_MN4010KV370,8,4,"4,6","12,17",18N24P,4,39.1,0.137
"6,8","31.5,31.5",44.7,10,UAV,86.9,2,98,0.8,0.0642191768496701,0.020103782285292,475,30,30,540,t_motor_MN4010KV475,t_motor_MN4010KV475,8,4,"4,6","12,16",18N24P,4,39.1,0.137
"6,8","31.5,31.5",44.7,10,UAV,86.9,2,42,1.3,0.0803375796069829,0.0164643044577823,580,30,31,575,t_motor_MN4010KV580,t_motor_MN4010KV580,8,4,"4,6","12,15",18N24P,4,39.1,0.137
"6,8","31.5,31.5",44.7,12,UAV,92.9,2,133,0.9,0.0770134616013436,0.0280861664279815,340,33,22,660,t_motor_MN4012KV340,t_motor_MN4012KV340,8,4,"4,6","13,17",18N24P,4,40.9,0.155
"6,8","31.5,31.5",44.7,12,UAV,92.9,2,75,1,0.0871727524698821,0.0238732414637843,400,33,25,750,t_motor_MN4012KV400,t_motor_MN4012KV400,8,4,"4,6","12,16",18N24P,4,40.9,0.155
"6,8","31.5,31.5",44.7,12,UAV,92.9,2,57,1.3,0.0833283374224784,0.0198943678864869,480,33,29,870,t_motor_MN4012KV480,t_motor_MN4012KV480,8,4,"4,6","12,16",18N24P,4,40.9,0.155
"6,8","31.5,31.5",44.7,14,UAV,96.9,2,85,1.1,0.099253991122533,0.0289372623803446,330,35,25,750,t_motor_MN4014KV330,t_motor_MN4014KV330,8,4,"4,7","14,18",18N24P,4,42.9,0.171
"6,8","31.5,31.5",44.7,14,UAV,96.9,2,67,1.3,0.0922303781654372,0.0238732414637843,400,35,30,900,t_motor_MN4014KV400,t_motor_MN4014KV400,8,4,"4,6","14,18",18N24P,4,42.9,0.171
6,31.5,59,8,UAV,99.9,2,93,0.9,0.0920981678579909,0.0280861664279815,340,29.5,35,850,t_motor_MN5208KV340,t_motor_MN5208KV340,6,4,"4,7","14,18",24N22P,4,38.5,0.196
6,31.5,59,12,UAV,109.9,2,69,1.1,0.10692220825294,0.0280861664279815,340,33.5,35,840,t_motor_MN5212KV340,t_motor_MN5212KV340,8,4,"5,7","14,19",24N22P,4,42.5,0.249
6,31.5,59,12,UAV,109.9,2,69,1.1,0.0865560733476185,0.0227364204416993,420,33.5,60,1440,t_motor_MN5212KV420,t_motor_MN5212KV420,8,4,"5,7","14,18",24N22P,4,42.5,0.249
nan,nan,17.7,6,UAV,41.9,3,62,0.2,0.0123712574111407,0.00308041825339152,3100,12,6,44,t_motor_MT13063100KV,t_motor_MT13063100KV,2,1,"2,3","6,7",,4,26,0.0112
nan,nan,27.5,8,UAV,43.9,3,165,0.1,0.0213715846275406,0.00868117871410338,1100,24.5,12,180,t_motor_MT22081100KV,t_motor_MT22081100KV,4,3,"2,4","8,11",,5,48,0.045
nan,nan,27.5,16,UAV,54.9,3,175,0.3,0.0285339811950631,0.0119366207318922,800,34,18,260,t_motor_MT2216V2800KV,t_motor_MT2216V2800KV,4,3,"3,5","9,12",12N14P,5,58,0.075
