surface_area,density,mass,coordIxx,coordIxy,coordIxz,coordIyx,coordIyy,coordIyz,coordIzx,coordIzy,coordIzz,cgIxx,cgIxy,cgIxz,cgIyx,cgIyy,cgIyz,cgIzx,cgIzy,cgIzz,Component,Component_param_THICKNESS,Component_param_CHORD_1,Component_param_SPAN,Component_param_TAPER_OFFSET,Component_param_CHORD_2,Component_param_LOAD
10316959.941562042,2.558887066149218e-08,3.7875287726335745,30322418.80740742,0.0,-2486205.576885431,0.0,30684313.48299061,0.0,-2486205.576885431,0.0,381186.22332097485,7587777.349674396,0.0,0.0,0.0,7677786.577579513,0.0,0.0,0.0,109300.77564290198,naca_wing,30.0,600.0,4900.0,1.0,600.0,1387.1932
2684443.7123428616,1.9297904771351396e-09,0.4443192706176265,535166.8251361493,0.0,-75395.25414033794,0.0,554035.4835473569,0.0,-75395.25414033794,0.0,19874.479147801892,134168.6834037413,0.0,0.0,0.0,138861.60443539897,0.0,0.0,0.0,5698.741768251997,naca_wing,30.0,400.0,1900.0,1.0,400.0,287.09174
6144315.71139428,2.4260262480707775e-08,0.9626256876757359,2701010.986334554,0.0,-373977.2887056298,0.0,2792990.8738377932,0.0,-373977.2887056298,0.0,96882.89582925728,677090.4779963192,0.0,0.0,0.0,699967.3489080388,0.0,0.0,0.0,27779.87923773761,naca_wing,30.0,600.0,2900.0,1.0,600.0,430.5245
4353502.076076816,7.51639016261664e-09,1.0242383265548056,3282131.4908428863,0.0,-283566.5506088782,0.0,3325626.6578073,0.0,-283566.5506088782,0.0,45813.79382344532,821398.9112949661,0.0,0.0,0.0,832216.822188348,0.0,0.0,0.0,13136.537752413738,naca_wing,30.0,400.0,3100.0,1.0,400.0,430.5245
22588590.946251713,3.2217195523928954e-07,20.857173721027277,681522242.6837229,0.0,-27662281.097533733,0.0,683448815.435668,0.0,-27662281.097533733,0.0,2165602.4924459667,170469343.58425194,0.0,0.0,0.0,170898611.8558442,0.0,0.0,0.0,668298.0120930737,naca_wing,45.0,600.0,9900.0,1.0,600.0,6808.564
16575928.38705203,1.4803531253563962e-08,10.329588676794152,214914593.10035837,0.0,-10931564.786043568,0.0,215901516.3216751,0.0,-10931564.786043568,0.0,1039537.9231642266,53747185.77067754,0.0,0.0,0.0,53992649.47079577,0.0,0.0,0.0,298078.4019657331,naca_wing,30.0,600.0,7900.0,1.0,600.0,2758.3208
4902583.891061993,9.215918764081908e-10,0.3420914878489168,504834.6593370367,0.0,-96241.61852949508,0.0,536434.1918114464,0.0,-96241.61852949508,0.0,35519.958044568826,127678.79398360579,0.0,0.0,0.0,134719.64929546617,0.0,0.0,0.0,10961.280882019455,naca_wing,45.0,600.0,2100.0,1.0,600.0,194.92906
21165836.89028788,1.5718165397610494e-07,23.265193874324584,791145754.2812352,0.0,-31477149.49545323,0.0,793368538.9081086,0.0,-31477149.49545323,0.0,2341289.8152083135,197825147.50127232,0.0,0.0,0.0,198377990.22989208,0.0,0.0,0.0,671347.9169547093,naca_wing,30.0,600.0,10100.0,1.0,600.0,6212.6343
15330051.987681516,3.563002884113783e-08,16.908716888145527,574992644.5271307,0.0,-15251908.044813061,0.0,575686751.0940769,0.0,-15251908.044813061,0.0,780233.5895520856,143778092.0871994,0.0,0.0,0.0,143932743.9959221,0.0,0.0,0.0,240778.93132869963,naca_wing,45.0,400.0,10100.0,1.0,400.0,4863.0854
12698792.289011668,5.5107390420063554e-08,17.43485405922724,481273981.54554766,0.0,-14168699.883159451,0.0,482014294.7299204,0.0,-14168699.883159451,0.0,779783.7424257391,120328915.38439566,0.0,0.0,0.0,120513044.05428214,0.0,0.0,0.0,223599.22793950338,naca_wing,30.0,400.0,9100.0,1.0,400.0,4922.692
8647903.001388159,1.2167055766851222e-08,2.3121260405484643,12961484.833480466,0.0,-1269938.9586990152,0.0,13182408.684799278,0.0,-1269938.9586990152,0.0,232700.46157522756,3244775.1480755527,0.0,0.0,0.0,3299722.551498224,0.0,0.0,0.0,66724.01367908646,naca_wing,30.0,600.0,4100.0,1.0,600.0,892.45154
23042078.254342575,1.2575327813848888e-07,24.226749846386355,823927640.3275163,0.0,-32780360.315727625,0.0,826165458.5829139,0.0,-32780360.315727625,0.0,2515464.4772851095,206084952.37004846,0.0,0.0,0.0,206583570.59383076,0.0,0.0,0.0,776264.445669776,naca_wing,45.0,600.0,10100.0,1.0,600.0,8280.436
15027727.165890418,2.3202190906362294e-08,16.517058576093245,539651433.5634781,0.0,-14603608.525997065,0.0,540329462.8812076,0.0,-14603608.525997065,0.0,762161.3511623255,134942205.8027532,0.0,0.0,0.0,135093275.59657812,0.0,0.0,0.0,235201.82725776403,naca_wing,45.0,400.0,9900.0,1.0,400.0,4863.0854
1293561.765939304,3.818494839127347e-10,0.1184171690350697,32106.6655823812,0.0,-9518.175552221692,0.0,37135.446656483706,0.0,-9518.175552221692,0.0,5296.845024547157,8127.188852779579,0.0,0.0,0.0,9377.919769053811,0.0,0.0,0.0,1518.7948667188864,naca_wing,30.0,400.0,900.0,1.0,400.0,143.68008
12820544.344803806,2.448338515683144e-07,4.60175761714227,57088566.435715415,0.0,-3760374.235283905,0.0,57528244.11552758,0.0,-3760374.235283905,0.0,463116.88697247097,14280716.202249456,0.0,0.0,0.0,14390070.955022125,0.0,0.0,0.0,132793.95993297093,naca_wing,30.0,600.0,6100.0,1.0,600.0,1260.2423
13811499.369218757,7.881570564728995e-08,22.59043096037509,738046293.789709,0.0,-19972427.65103211,0.0,739005525.122918,0.0,-19972427.65103211,0.0,1010373.4142644526,184524259.1831181,0.0,0.0,0.0,184762836.52003375,0.0,0.0,0.0,289719.4179710191,naca_wing,30.0,400.0,9900.0,1.0,400.0,6310.6987
11029734.081679627,3.5704124807505096e-08,7.381401811178283,153564486.7904769,0.0,-5207625.6453029,0.0,153877918.2410991,0.0,-5207625.6453029,0.0,330141.94597988576,38396165.03156776,0.0,0.0,0.0,38474120.57659858,0.0,0.0,0.0,94666.040388524,naca_wing,30.0,400.0,7900.0,1.0,400.0,1680.2305
19079511.520971283,7.973312671798197e-08,13.153893010652679,363121382.6830477,0.0,-16034829.062870659,0.0,364378129.01565486,0.0,-16034829.062870659,0.0,1323747.5119973293,90802912.63001058,0.0,0.0,0.0,91115485.97638807,0.0,0.0,0.0,379574.52576762135,naca_wing,30.0,600.0,9100.0,1.0,600.0,3103.0366
7135264.145140437,1.0511595099975911e-08,4.494518496150334,38972280.59400147,0.0,-2047076.9680177975,0.0,39163134.331724316,0.0,-2047076.9680177975,0.0,201028.51488218116,9746674.07278393,0.0,0.0,0.0,9794142.45048194,0.0,0.0,0.0,57643.15485734641,naca_wing,30.0,400.0,5100.0,1.0,400.0,1724.2028
4075325.624516309,1.1826079093854496e-08,1.2595219169152465,3532280.927287366,0.0,-326209.3817648366,0.0,3585767.7342675086,0.0,-326209.3817648366,0.0,56338.055540958114,884136.0969730627,0.0,0.0,0.0,897439.0894075457,0.0,0.0,0.0,16154.240995298602,naca_wing,30.0,400.0,2900.0,1.0,400.0,669.4423
21165836.89028788,3.5382660116965767e-07,21.428658803897008,728693365.9020069,0.0,-28992369.47265319,0.0,730740685.7576295,0.0,-28992369.47265319,0.0,2156470.3428715584,182208994.7556232,0.0,0.0,0.0,182718196.5386731,0.0,0.0,0.0,618352.2702987612,naca_wing,30.0,600.0,10100.0,1.0,600.0,5469.4976
23042078.254342575,5.6644405208380416e-08,26.88137624688249,914208841.0655571,0.0,-36372241.62311175,0.0,916691866.4353204,0.0,-36372241.62311175,0.0,2791094.4504862935,228666543.3294369,0.0,0.0,0.0,229219797.2393518,0.0,0.0,0.0,861322.9906379463,naca_wing,45.0,600.0,10100.0,1.0,600.0,9727.791
14089673.792596055,2.1990830276626925e-08,15.654721283944431,532324285.59702575,0.0,-14120128.194618193,0.0,532989016.0370862,0.0,-14120128.194618193,0.0,700170.823694162,133089756.05323265,0.0,0.0,0.0,133255085.75142772,0.0,0.0,0.0,200770.0818287686,naca_wing,30.0,400.0,10100.0,1.0,400.0,3447.755
20748572.135792468,1.1374006048803098e-07,23.98943729512817,783788455.9040909,0.0,-31814320.874911524,0.0,786080436.2071812,0.0,-31814320.874911524,0.0,2414174.534722293,195987268.5802127,0.0,0.0,0.0,196557321.4109549,0.0,0.0,0.0,692247.0623741702,naca_wing,30.0,600.0,9900.0,1.0,600.0,6755.711
13811499.369218757,3.6889413318147404e-08,17.159712226927702,560620646.5824616,0.0,-15171074.494594505,0.0,561349279.5893216,0.0,-15171074.494594505,0.0,767480.5788755321,140164797.74216548,0.0,0.0,0.0,140346021.30768844,0.0,0.0,0.0,220071.13753854338,naca_wing,30.0,400.0,9900.0,1.0,400.0,4121.618
1571738.193668521,7.21955462885382e-10,0.14925567816220595,60368.71540792549,0.0,-14662.902337930034,0.0,66707.1036827607,0.0,-14662.902337930034,0.0,6676.262304346373,15218.87276385819,0.0,0.0,0.0,16795.3240665847,0.0,0.0,0.0,1914.3253322376713,naca_wing,30.0,400.0,1100.0,1.0,400.0,142.86172
22588590.946251713,1.0841190220480413e-06,24.904556371104675,813773205.2337955,0.0,-33030210.52427333,0.0,816073633.8702737,0.0,-33030210.52427333,0.0,2585842.649244089,203549312.75080323,0.0,0.0,0.0,204061881.52024382,0.0,0.0,0.0,797982.7822064769,naca_wing,45.0,600.0,9900.0,1.0,600.0,8961.657
23042078.254342575,3.369338462915577e-08,23.510525859457147,799569575.6577494,0.0,-31811262.912767135,0.0,801741236.4994177,0.0,-31811262.912767135,0.0,2441098.9099546378,199992389.92694384,0.0,0.0,0.0,200476267.32356372,0.0,0.0,0.0,753315.4649061864,naca_wing,45.0,600.0,10100.0,1.0,600.0,7904.263
16343421.015924644,2.4881957534579947e-08,17.712842366701988,578757104.2209032,0.0,-15660507.542832559,0.0,579449123.3681555,0.0,-15660507.542832559,0.0,852413.778736585,144748184.1307879,0.0,0.0,0.0,144875119.27827305,0.0,0.0,0.0,287329.77896950033,naca_wing,60.0,400.0,9900.0,1.0,400.0,6355.34
15027727.165890418,6.248758455558852e-08,25.839208785881226,844228165.6389823,0.0,-22845816.52308739,0.0,845288871.5160638,0.0,-22845816.52308739,0.0,1192321.6346594067,211102952.3629276,0.0,0.0,0.0,211339285.23817283,0.0,0.0,0.0,367948.6328231951,naca_wing,45.0,400.0,9900.0,1.0,400.0,9727.791
19079511.520971283,5.24840104942754e-08,16.27606741445621,449310945.39034724,0.0,-19840815.080007616,0.0,450865989.8183215,0.0,-19840815.080007616,0.0,1637948.8359483131,112355659.74256755,0.0,0.0,0.0,112742424.69903192,0.0,0.0,0.0,469669.3644384068,naca_wing,30.0,600.0,9100.0,1.0,600.0,4316.088
24577792.872920644,5.4107185781358385e-08,23.13499948923213,756055447.9873011,0.0,-30682224.107937682,0.0,758089224.9543529,0.0,-30682224.107937682,0.0,2505126.721315335,189190123.00239086,0.0,0.0,0.0,189563190.03585336,0.0,0.0,0.0,844416.787726131,naca_wing,60.0,600.0,9900.0,1.0,600.0,9375.467
7135264.145140437,2.7329899424403845e-09,2.5428067502918483,22048853.120434515,0.0,-1158148.7843694738,0.0,22156830.02007699,0.0,-1158148.7843694738,0.0,113733.35432513872,5514252.226661772,0.0,0.0,0.0,5541107.808931437,0.0,0.0,0.0,32612.036952328563,naca_wing,30.0,400.0,5100.0,1.0,400.0,713.4058
25070516.619843785,2.1791679199172805e-07,23.208958218457468,789417655.178787,0.0,-31402127.545599904,0.0,791457932.7071204,0.0,-31402127.545599904,0.0,2513134.2265093955,197531198.21257558,0.0,0.0,0.0,197905457.5328823,0.0,0.0,0.0,847116.0184826879,naca_wing,60.0,600.0,10100.0,1.0,600.0,9085.979
15330051.987681516,2.7327751770098147e-08,25.9397228508462,882098265.5854692,0.0,-23398006.498435926,0.0,883163096.9440305,0.0,-23398006.498435926,0.0,1196959.1309492744,220570483.58176407,0.0,0.0,0.0,220807735.6262071,0.0,0.0,0.0,369379.81683093886,naca_wing,45.0,400.0,10100.0,1.0,400.0,9437.518
13811499.369218757,5.686469658665489e-08,17.9908298787744,587773882.5576675,0.0,-15905873.985587846,0.0,588537806.3517919,0.0,-15905873.985587846,0.0,804652.9188377376,146953573.45299748,0.0,0.0,0.0,147143574.44451946,0.0,0.0,0.0,230730.1162353565,naca_wing,30.0,400.0,9900.0,1.0,400.0,4434.987
23042078.254342575,1.0633863887798315e-07,21.98424484129028,747662277.9084195,0.0,-29746105.925725877,0.0,749692956.5899972,0.0,-29746105.925725877,0.0,2282625.08627226,187009073.84341434,0.0,0.0,0.0,187461538.3788334,0.0,0.0,0.0,704410.9401137157,naca_wing,45.0,600.0,10100.0,1.0,600.0,7123.5728
12698792.289011668,2.4491455935881178e-08,17.43485405922724,481273981.54554766,0.0,-14168699.883159451,0.0,482014294.7299204,0.0,-14168699.883159451,0.0,779783.7424257391,120328915.38439566,0.0,0.0,0.0,120513044.05428214,0.0,0.0,0.0,223599.22793950338,naca_wing,30.0,400.0,9100.0,1.0,400.0,4922.692
23042078.254342575,1.298296775901238e-07,24.67175166649396,839061709.1525759,0.0,-33382476.575513817,0.0,841340632.1043539,0.0,-33382476.575513817,0.0,2561669.035383309,209870362.27781397,0.0,0.0,0.0,210378139.22154546,0.0,0.0,0.0,790523.0273366601,naca_wing,45.0,600.0,10100.0,1.0,600.0,8517.266
8230639.277079992,3.5259181960816665e-09,2.5100128524166427,12732148.620221965,0.0,-1311381.8773567064,0.0,12971981.667259576,0.0,-1311381.8773567064,0.0,252617.54275528915,3187824.7489076783,0.0,0.0,0.0,3247475.055769395,0.0,0.0,0.0,72434.8025793958,naca_wing,30.0,600.0,3900.0,1.0,600.0,1109.861
22588590.946251713,1.030338170805625e-07,18.881555308332466,616967576.2981417,0.0,-25042074.131604716,0.0,618711661.5926275,0.0,-25042074.131604716,0.0,1960473.829479482,154322267.35572562,0.0,0.0,0.0,154710874.78262785,0.0,0.0,0.0,604995.9618959589,naca_wing,45.0,600.0,9900.0,1.0,600.0,5835.7686
22588590.946251713,3.76318745736284e-08,26.25872022181901,858021423.9447343,0.0,-34826199.83670898,0.0,860446936.4114261,0.0,-34826199.83670898,0.0,2726445.6211285633,214617131.70961404,0.0,0.0,0.0,215157570.96541217,0.0,0.0,0.0,841372.4102349528,naca_wing,45.0,600.0,9900.0,1.0,600.0,9727.791
19079511.520971283,1.8851095855025588e-08,13.153893010652679,363121382.6830477,0.0,-16034829.062870659,0.0,364378129.01565486,0.0,-16034829.062870659,0.0,1323747.5119973293,90802912.63001058,0.0,0.0,0.0,91115485.97638807,0.0,0.0,0.0,379574.52576762135,naca_wing,30.0,600.0,9100.0,1.0,600.0,3103.0366
1890192.0337160192,2.984073503766556e-10,0.12759218205219544,52039.85238697747,0.0,-12534.383169808008,0.0,57024.84553329905,0.0,-12534.383169808008,0.0,6140.353051083517,13443.217316188373,0.0,0.0,0.0,14357.628631751555,0.0,0.0,0.0,2069.7712203251244,naca_wing,60.0,400.0,1100.0,1.0,400.0,164.48332
1293561.765939304,2.8382073420108963e-09,0.13040410359321347,35356.70527132388,0.0,-10481.665461557526,0.0,40894.53136088902,0.0,-10481.665461557526,0.0,5833.025167944036,8949.874293698153,0.0,0.0,0.0,10327.212101231426,0.0,0.0,0.0,1672.5368859121702,naca_wing,30.0,400.0,900.0,1.0,400.0,166.8308
15330051.987681516,1.29167533009371e-06,24.27759376842126,825576413.3969684,0.0,-21898741.94208584,0.0,826573013.9891827,0.0,-21898741.94208584,0.0,1120262.0670112928,206437078.31780538,0.0,0.0,0.0,206659128.05938646,0.0,0.0,0.0,345711.2163780441,naca_wing,45.0,400.0,10100.0,1.0,400.0,8517.266
24577792.872920644,5.6700200958515753e-08,17.938786817977554,586242394.7892152,0.0,-23790874.844405454,0.0,587819377.3806448,0.0,-23790874.844405454,0.0,1942465.320849092,146697270.78172013,0.0,0.0,0.0,146986545.47935796,0.0,0.0,0.0,654757.4270572524,naca_wing,60.0,600.0,9900.0,1.0,600.0,6321.6587
14489600.91233958,8.691871432502419e-09,8.087021839348807,128360770.48223239,0.0,-7475010.722428394,0.0,129133437.874937,0.0,-7475010.722428394,0.0,813859.206488049,32104993.039383143,0.0,0.0,0.0,32297167.63690364,0.0,0.0,0.0,233366.41130393627,naca_wing,30.0,600.0,6900.0,1.0,600.0,2413.6084
14089673.792596055,7.061306540178886e-08,22.893507257187807,778472492.3842394,0.0,-20649314.122727323,0.0,779444595.9993454,0.0,-20649314.122727323,0.0,1023931.7291425217,194630823.55780724,0.0,0.0,0.0,194872602.1610034,0.0,0.0,0.0,293606.71723278286,naca_wing,30.0,400.0,10100.0,1.0,400.0,6212.6343
11307911.246241726,4.312688442155171e-08,9.0960887933933,198939642.5044251,0.0,-6579808.51793648,0.0,199325882.99343446,0.0,-6579808.51793648,0.0,406832.8273832386,49741046.07079157,0.0,0.0,0.0,49837110.370697364,0.0,0.0,0.0,116656.6382796939,naca_wing,30.0,400.0,8100.0,1.0,400.0,2219.2397
15330051.987681516,1.367713126432875e-07,23.134919798703354,786718992.5751054,0.0,-20868033.436725657,0.0,787668686.1482061,0.0,-20868033.436725657,0.0,1067534.6709008412,196720700.4086731,0.0,0.0,0.0,196932298.930825,0.0,0.0,0.0,329439.61995202035,naca_wing,45.0,400.0,10100.0,1.0,400.0,7904.263
10316959.941562042,1.3775619002133234e-08,4.3583248099199965,34892131.02220672,0.0,-2860886.8998153834,0.0,35308564.7017522,0.0,-2860886.8998153834,0.0,438632.54222735256,8731286.350661948,0.0,0.0,0.0,8834860.336405652,0.0,0.0,0.0,125772.8484255782,naca_wing,30.0,600.0,4900.0,1.0,600.0,1724.2028
20748572.135792468,6.749580020861883e-08,15.54038382600353,507739022.5244605,0.0,-20609352.002606865,0.0,509223769.8819526,0.0,-20609352.002606865,0.0,1563904.914942169,126960767.82780887,0.0,0.0,0.0,127330048.67761992,0.0,0.0,0.0,448438.4072611295,naca_wing,30.0,600.0,9900.0,1.0,600.0,3447.755
1293561.765939304,1.6796003799903015e-10,0.07812935090158657,21183.35509965501,0.0,-6279.907582001026,0.0,24501.24729676922,0.0,-6279.907582001026,0.0,3494.7555913248334,5362.161542083731,0.0,0.0,0.0,6187.369537151681,0.0,0.0,0.0,1002.0713892785766,naca_wing,30.0,400.0,900.0,1.0,400.0,75.438156
16575928.38705203,3.990992546241362e-07,7.501242263674384,156068792.21304327,0.0,-7938391.193192594,0.0,156785485.8211222,0.0,-7938391.193192594,0.0,754901.8695632991,39030659.79406361,0.0,0.0,0.0,39208913.03716335,0.0,0.0,0.0,216461.50458411308,naca_wing,30.0,600.0,7900.0,1.0,600.0,1680.2305
20748572.135792468,5.180258032506143e-08,19.228925765795505,628251919.7617022,0.0,-25501023.9242714,0.0,630089074.9464025,0.0,-25501023.9242714,0.0,1935100.9505869634,157095166.18529758,0.0,0.0,0.0,157552096.6013832,0.0,0.0,0.0,554876.1819722297,naca_wing,30.0,600.0,9900.0,1.0,600.0,4795.5327
5744382.807668356,5.630184957445721e-09,2.618972354505248,14677865.038055582,0.0,-958961.2543799055,0.0,14789078.909523332,0.0,-958961.2543799055,0.0,117142.68465298375,3671633.7182472814,0.0,0.0,0.0,3699294.3133317856,0.0,0.0,0.0,33589.40826973771,naca_wing,30.0,400.0,4100.0,1.0,400.0,1109.861
22588590.946251713,2.910002522734488e-07,24.91591632987371,814144399.5614941,0.0,-33045276.917109124,0.0,816445877.5149757,0.0,-33045276.917109124,0.0,2587022.154931358,203642159.68876347,0.0,0.0,0.0,204154962.26120782,0.0,0.0,0.0,798346.7738941493,naca_wing,45.0,600.0,9900.0,1.0,600.0,8967.991
12698792.289011668,2.6932549722010628e-08,18.792959320344536,518763296.0047044,0.0,-15272384.82305873,0.0,519561276.61933815,0.0,-15272384.82305873,0.0,840525.7709809851,129702055.67527151,0.0,0.0,0.0,129900527.23064737,0.0,0.0,0.0,241016.7117231252,naca_wing,30.0,400.0,9100.0,1.0,400.0,5529.3516
7135264.145140437,1.717492403212191e-08,3.263779657137843,28300459.03780733,0.0,-1486523.6777942998,0.0,28439051.091038853,0.0,-1486523.6777942998,0.0,145980.66020622046,7077731.8172685,0.0,0.0,0.0,7112201.877992647,0.0,0.0,0.0,41858.667698841535,naca_wing,30.0,400.0,5100.0,1.0,400.0,1050.2509
15330051.987681516,2.483660354651005e-07,26.45191720797841,899515789.9232147,0.0,-23860013.242515337,0.0,900601646.9733877,0.0,-23860013.242515337,0.0,1220593.759434524,224925771.32674533,0.0,0.0,0.0,225167708.0456963,0.0,0.0,0.0,376673.4282124948,naca_wing,45.0,400.0,10100.0,1.0,400.0,9727.791
22588590.946251713,7.186010670809275e-08,22.73507171335675,742883828.3128139,0.0,-30152884.22675548,0.0,744983862.1075324,0.0,-30152884.22675548,0.0,2360584.834116163,185817733.65629014,0.0,0.0,0.0,186285651.55683866,0.0,0.0,0.0,728468.9399461672,naca_wing,45.0,600.0,9900.0,1.0,600.0,7781.4927
8647903.001388159,2.483098326272045e-09,1.732653102498846,9713033.163362678,0.0,-951662.5124173807,0.0,9878588.323284985,0.0,-951662.5124173807,0.0,174380.2758285574,2431558.5001112805,0.0,0.0,0.0,2472734.7973134713,0.0,0.0,0.0,50001.41310843964,naca_wing,30.0,600.0,4100.0,1.0,600.0,570.76416
14489600.91233958,3.647999098350089e-08,7.027980733690367,111551203.87104353,0.0,-6496115.923137643,0.0,112222686.11226326,0.0,-6496115.923137643,0.0,707279.7547428305,27900663.188293908,0.0,0.0,0.0,28067671.438760992,0.0,0.0,0.0,202805.76399019494,naca_wing,30.0,600.0,6900.0,1.0,600.0,1941.8876
6561580.389696933,3.1988803386993423e-09,1.0371110478236445,3324851.4543137588,0.0,-430701.3204292114,0.0,3423948.2505890504,0.0,-430701.3204292114,0.0,104379.19960945286,833192.1619174535,0.0,0.0,0.0,857839.1214973511,0.0,0.0,0.0,29929.3629140587,naca_wing,30.0,600.0,3100.0,1.0,600.0,428.11978
16671900.651528694,1.2448333259695142e-07,18.132855525281684,616657700.1474812,0.0,-16355722.833060704,0.0,617366127.8713567,0.0,-16355722.833060704,0.0,872625.5834536536,154224552.11398518,0.0,0.0,0.0,154354496.93599805,0.0,0.0,0.0,294142.68159099034,naca_wing,60.0,400.0,10100.0,1.0,400.0,6355.34
4075325.624516309,2.985619705023407e-09,1.2595219169152465,3532280.927287366,0.0,-326209.3817648366,0.0,3585767.7342675086,0.0,-326209.3817648366,0.0,56338.055540958114,884136.0969730627,0.0,0.0,0.0,897439.0894075457,0.0,0.0,0.0,16154.240995298602,naca_wing,30.0,400.0,2900.0,1.0,400.0,669.4423
15027727.165890418,4.0465038314840226e-07,24.506679166260767,800691266.1249974,0.0,-21667656.33042458,0.0,801697271.3333924,0.0,-21667656.33042458,0.0,1130833.533090055,200216359.85369286,0.0,0.0,0.0,200440505.02772155,0.0,0.0,0.0,348973.4987237459,naca_wing,45.0,400.0,9900.0,1.0,400.0,8961.657
13811499.369218757,6.682926929294013e-08,20.724744203558583,677092910.5339295,0.0,-18322955.18920229,0.0,677972921.3689449,0.0,-18322955.18920229,0.0,926929.220493243,169284865.6862352,0.0,0.0,0.0,169503739.52219766,0.0,0.0,0.0,265792.22144036286,naca_wing,30.0,400.0,9900.0,1.0,400.0,5521.774
2962620.215108996,2.5704448720352287e-09,0.5314088088216209,781771.9022279823,0.0,-99665.0285759604,0.0,804338.8882237562,0.0,-99665.0285759604,0.0,23769.957416743273,195893.69050214524,0.0,0.0,0.0,201506.43972610479,0.0,0.0,0.0,6815.720644928949,naca_wing,30.0,400.0,2100.0,1.0,400.0,315.89804
6144315.71139428,2.8199935493374295e-08,1.2367315676234734,3470118.85727175,0.0,-480466.6283456669,0.0,3588289.847219434,0.0,-480466.6283456669,0.0,124470.12080481715,869890.7363433972,0.0,0.0,0.0,899281.7538356514,0.0,0.0,0.0,35690.148349387346,naca_wing,30.0,600.0,2900.0,1.0,600.0,634.7319
22588590.946251713,1.7686029047629608e-07,24.100277398103632,787492846.4107577,0.0,-31963518.012163643,0.0,789718983.967578,0.0,-31963518.012163643,0.0,2502334.2807638003,196975799.4637234,0.0,0.0,0.0,197471815.1062046,0.0,0.0,0.0,772212.366424641,naca_wing,45.0,600.0,9900.0,1.0,600.0,8517.266
23042078.254342575,2.7701163160121246e-08,19.32928139993131,657369614.7462164,0.0,-26153768.58024358,0.0,659155055.1810561,0.0,-26153768.58024358,0.0,2006960.1181038092,164424615.84446836,0.0,0.0,0.0,164822437.75701267,0.0,0.0,0.0,619341.5958084393,naca_wing,45.0,600.0,10100.0,1.0,600.0,5835.7686
24577792.872920644,2.981392626614801e-08,21.223787378900486,693596733.4777938,0.0,-28147526.04951355,0.0,695462497.5096841,0.0,-28147526.04951355,0.0,2298174.975761085,173560883.22628456,0.0,0.0,0.0,173903130.71152744,0.0,0.0,0.0,774658.4291136456,naca_wing,60.0,600.0,9900.0,1.0,600.0,8203.074
9917026.01662726,7.686016619436425e-09,7.151162409806268,120170162.5860166,0.0,-4534285.58448964,0.0,120473817.37421088,0.0,-4534285.58448964,0.0,319844.04666054115,30047638.316433154,0.0,0.0,0.0,30123162.05827314,0.0,0.0,0.0,91713.00030624462,naca_wing,30.0,400.0,7100.0,1.0,400.0,1941.8876
22588590.946251713,1.273485006003827e-07,18.881555308332466,616967576.2981417,0.0,-25042074.131604716,0.0,618711661.5926275,0.0,-25042074.131604716,0.0,1960473.829479482,154322267.35572562,0.0,0.0,0.0,154710874.78262785,0.0,0.0,0.0,604995.9618959589,naca_wing,45.0,600.0,9900.0,1.0,600.0,5835.7686
23042078.254342575,3.852421484153806e-08,26.88137624688249,914208841.0655571,0.0,-36372241.62311175,0.0,916691866.4353204,0.0,-36372241.62311175,0.0,2791094.4504862935,228666543.3294369,0.0,0.0,0.0,229219797.2393518,0.0,0.0,0.0,861322.9906379463,naca_wing,45.0,600.0,10100.0,1.0,600.0,9727.791
16671900.651528694,3.412797956098722e-08,24.294853868216723,826213427.3835468,0.0,-21913806.988879796,0.0,827162596.5865856,0.0,-21913806.988879796,0.0,1169165.6067140333,206633916.60935006,0.0,0.0,0.0,206808019.93562055,0.0,0.0,0.0,394099.7299457333,naca_wing,60.0,400.0,10100.0,1.0,400.0,9999.43
18662246.530940816,4.4107187233119874e-08,18.607181926126554,491334367.96853346,0.0,-22183959.225036476,0.0,493112129.7404812,0.0,-22183959.225036476,0.0,1872540.0853259645,122865647.87641227,0.0,0.0,0.0,123307806.3255731,0.0,0.0,0.0,536936.7625390445,naca_wing,30.0,600.0,8900.0,1.0,600.0,5529.3516
10734224.476070281,1.0922307566308436e-08,4.5674890705898745,39611647.8362888,0.0,-3120556.5802687174,0.0,40048065.55254307,0.0,-3120556.5802687174,0.0,459681.9860088843,9911550.154778156,0.0,0.0,0.0,10020094.425123833,0.0,0.0,0.0,131808.54010030202,naca_wing,30.0,600.0,5100.0,1.0,600.0,1724.2028
8526145.507051188,1.8896039079968412e-08,4.528239565634151,56169869.17558059,0.0,-2466813.1174582797,0.0,56362151.51077873,0.0,-2466813.1174582797,0.0,202533.54745773712,14045920.61626889,0.0,0.0,0.0,14093744.343843957,0.0,0.0,0.0,58074.93983466141,naca_wing,30.0,400.0,6100.0,1.0,400.0,1260.2423
5744382.807668356,1.725737772379516e-08,2.198340831578538,12320462.252321953,0.0,-804943.0830297429,0.0,12413814.132980376,0.0,-804943.0830297429,0.0,98328.47084101081,3081934.907613151,0.0,0.0,0.0,3105152.951704156,0.0,0.0,0.0,28194.634273592983,naca_wing,30.0,400.0,4100.0,1.0,400.0,846.1857
13811499.369218757,2.1012014826261808e-07,17.9908298787744,587773882.5576675,0.0,-15905873.985587846,0.0,588537806.3517919,0.0,-15905873.985587846,0.0,804652.9188377376,146953573.45299748,0.0,0.0,0.0,147143574.44451946,0.0,0.0,0.0,230730.1162353565,naca_wing,30.0,400.0,9900.0,1.0,400.0,4434.987
15027727.165890418,8.987170172508068e-08,18.57990205511888,607049417.0206853,0.0,-16427477.980677027,0.0,607812126.5706863,0.0,-16427477.980677027,0.0,857348.9758817897,151795366.915135,0.0,0.0,0.0,151965304.07191283,0.0,0.0,0.0,264576.5826585742,naca_wing,45.0,400.0,9900.0,1.0,400.0,5835.7686
6561580.389696933,4.31212062467097e-09,1.3372523426742888,4287067.817525688,0.0,-555346.8463627928,0.0,4414843.356363824,0.0,-555346.8463627928,0.0,134586.6766120335,1074319.0642507088,0.0,0.0,0.0,1106098.8861966622,0.0,0.0,0.0,38590.95971985029,naca_wing,30.0,600.0,3100.0,1.0,600.0,634.7319
15027727.165890418,1.5987033014035497e-07,23.287499930614295,760857792.189164,0.0,-20589715.23102233,0.0,761813749.7900188,0.0,-20589715.23102233,0.0,1074575.8592876322,190255825.13928723,0.0,0.0,0.0,190468819.3474877,0.0,0.0,0.0,331612.4666333334,naca_wing,45.0,400.0,9900.0,1.0,400.0,8280.436
1971669.4232658644,3.866209588946851e-10,0.11989687395360078,32677.49194071971,0.0,-14455.757334547185,0.0,44133.79432938773,0.0,-14455.757334547185,0.0,12066.978813805374,8398.374965115549,0.0,0.0,0.0,11247.736651397718,0.0,0.0,0.0,3460.0381114195225,naca_wing,30.0,600.0,900.0,1.0,600.0,142.86172
24577792.872920644,4.256429637915021e-07,18.000418507185636,588256528.1552486,0.0,-23872612.356494583,0.0,589838928.7329639,0.0,-23872612.356494583,0.0,1949138.9839104128,147201273.6829326,0.0,0.0,0.0,147491542.23196298,0.0,0.0,0.0,657006.9552254914,naca_wing,60.0,600.0,9900.0,1.0,600.0,6355.34
20748572.135792468,2.6623586899363388e-08,24.770905824934104,809320776.8493022,0.0,-32850689.10043636,0.0,811687419.6155326,0.0,-32850689.10043636,0.0,2492817.539188575,202371656.87385395,0.0,0.0,0.0,202960279.47520277,0.0,0.0,0.0,714797.3743069094,naca_wing,30.0,600.0,9900.0,1.0,600.0,7099.704
16993192.192421243,1.9871963645373893e-08,9.24376797748732,202183167.05797586,0.0,-10030105.316714277,0.0,203066344.20440823,0.0,-10030105.316714277,0.0,930261.2269715826,50562262.807240024,0.0,0.0,0.0,50781923.18359687,0.0,0.0,0.0,266744.45689604885,naca_wing,30.0,600.0,8100.0,1.0,600.0,2219.2397
1725437.0514786572,3.677553481470995e-10,0.13996524732844084,56809.099741423146,0.0,-13750.376511332812,0.0,62554.98573680874,0.0,-13750.376511332812,0.0,6458.798359309769,14469.612424569777,0.0,0.0,0.0,15749.859693901366,0.0,0.0,0.0,1993.1596332557574,naca_wing,45.0,400.0,1100.0,1.0,400.0,161.88298
1293561.765939304,3.4365772197656396e-09,0.1184171690350697,32106.6655823812,0.0,-9518.175552221692,0.0,37135.446656483706,0.0,-9518.175552221692,0.0,5296.845024547157,8127.188852779579,0.0,0.0,0.0,9377.919769053811,0.0,0.0,0.0,1518.7948667188864,naca_wing,30.0,400.0,900.0,1.0,400.0,143.68008
23042078.254342575,9.142242191029305e-07,17.18323768173451,584384804.6505561,0.0,-23250032.553667646,0.0,585972015.6142569,0.0,-23250032.553667646,0.0,1784136.306653504,146169285.67212185,0.0,0.0,0.0,146522939.19585168,0.0,0.0,0.0,550578.866682492,naca_wing,45.0,600.0,10100.0,1.0,600.0,4863.0854
12820544.344803806,8.901766703780471e-09,6.336944759675304,78614981.92876194,0.0,-5178300.507600085,0.0,79220449.10040368,0.0,-5178300.507600085,0.0,637744.6128594321,19665553.30188246,0.0,0.0,0.0,19816142.508264583,0.0,0.0,0.0,182866.64759982628,naca_wing,30.0,600.0,6100.0,1.0,600.0,2068.9014
12820544.344803806,1.9213566384086395e-08,5.5070590479095936,68319571.01583141,0.0,-4500150.742143296,0.0,68845746.26151441,0.0,-4500150.742143296,0.0,554225.636122334,17090154.22265244,0.0,0.0,0.0,17221022.2802062,0.0,0.0,0.0,158918.447993086,naca_wing,30.0,600.0,6100.0,1.0,600.0,1664.5382
22588590.946251713,8.408340561358781e-08,24.100277398103632,787492846.4107577,0.0,-31963518.012163643,0.0,789718983.967578,0.0,-31963518.012163643,0.0,2502334.2807638003,196975799.4637234,0.0,0.0,0.0,197471815.1062046,0.0,0.0,0.0,772212.366424641,naca_wing,45.0,600.0,9900.0,1.0,600.0,8517.266
18662246.530940816,1.8366554299054304e-08,12.815790237451711,338409019.7717784,0.0,-15279313.61089416,0.0,339633462.143111,0.0,-15279313.61089416,0.0,1289721.4118738484,84624333.59464094,0.0,0.0,0.0,84928872.45273668,0.0,0.0,0.0,369817.89863701735,naca_wing,30.0,600.0,8900.0,1.0,600.0,3103.0366
1571738.193668521,1.8366554299054304e-08,0.025537723229478993,10329.118227122593,0.0,-2508.830124640153,0.0,11413.619717965736,0.0,-2508.830124640153,0.0,1142.3119109110983,2603.9569502051986,0.0,0.0,0.0,2873.6885781706633,0.0,0.0,0.0,327.54204803342094,naca_wing,30.0,400.0,1100.0,1.0,400.0,9.268021
15330051.987681516,1.0920953638472023e-06,25.08779017655634,853127704.1531923,0.0,-22629550.86134674,0.0,854157563.4871031,0.0,-22629550.86134674,0.0,1157647.6626152163,213326335.1755643,0.0,0.0,0.0,213555795.2027269,0.0,0.0,0.0,357248.3558669598,naca_wing,45.0,400.0,10100.0,1.0,400.0,8961.657
22588590.946251713,8.139041486069679e-08,25.750266780906518,841407364.24586,0.0,-34151852.38217586,0.0,843785910.9751035,0.0,-34151852.38217586,0.0,2673652.848068293,210461452.44669813,0.0,0.0,0.0,210991427.0569654,0.0,0.0,0.0,825080.7290921177,naca_wing,45.0,600.0,9900.0,1.0,600.0,9437.518
19079511.520971283,2.7369812050782874e-08,19.098071656226356,527214124.4248067,0.0,-23280888.341576204,0.0,529038788.1570109,0.0,-23280888.341576204,0.0,1921942.410387747,131836295.9617805,0.0,0.0,0.0,132290119.64440504,0.0,0.0,0.0,551102.3608081234,naca_wing,30.0,600.0,9100.0,1.0,600.0,5529.3516
15330051.987681516,3.954541198140514e-08,16.908716888145527,574992644.5271307,0.0,-15251908.044813061,0.0,575686751.0940769,0.0,-15251908.044813061,0.0,780233.5895520856,143778092.0871994,0.0,0.0,0.0,143932743.9959221,0.0,0.0,0.0,240778.93132869963,naca_wing,45.0,400.0,10100.0,1.0,400.0,4863.0854
22588590.946251713,7.753834728693379e-08,24.531551188262746,801585008.8777956,0.0,-32535504.273243345,0.0,803850983.1039491,0.0,-32535504.273243345,0.0,2547113.4827490444,200500675.8873876,0.0,0.0,0.0,201005567.71592167,0.0,0.0,0.0,786031.0851295926,naca_wing,45.0,600.0,9900.0,1.0,600.0,8754.563
15330051.987681516,3.5953792312741834e-08,25.08779017655634,853127704.1531923,0.0,-22629550.86134674,0.0,854157563.4871031,0.0,-22629550.86134674,0.0,1157647.6626152163,213326335.1755643,0.0,0.0,0.0,213555795.2027269,0.0,0.0,0.0,357248.3558669598,naca_wing,45.0,400.0,10100.0,1.0,400.0,8961.657
1571738.193668521,6.057198022529354e-10,0.19163738788144438,77510.63861007993,0.0,-18826.488461952296,0.0,85648.83601284628,0.0,-18826.488461952296,0.0,8572.012030429156,19540.32877594301,0.0,0.0,0.0,21564.419339844295,0.0,0.0,0.0,2457.9051915640957,naca_wing,30.0,400.0,1100.0,1.0,400.0,210.42249
6561580.389696933,4.5146430161924493e-08,1.0371110478236445,3324851.4543137588,0.0,-430701.3204292114,0.0,3423948.2505890504,0.0,-430701.3204292114,0.0,104379.19960945286,833192.1619174535,0.0,0.0,0.0,857839.1214973511,0.0,0.0,0.0,29929.3629140587,naca_wing,30.0,600.0,3100.0,1.0,600.0,428.11978
12420615.489901124,1.0712509639745002e-07,15.604369320639522,412020005.1011611,0.0,-12402418.470931618,0.0,412682592.3956743,0.0,-12402418.470931618,0.0,697913.8543245215,103014481.62919691,0.0,0.0,0.0,103179278.52113147,0.0,0.0,0.0,200123.45174596796,naca_wing,30.0,400.0,8900.0,1.0,400.0,4316.088
15330051.987681516,1.3296404078863644e-07,24.712040630069176,840350080.2303507,0.0,-22290619.316817757,0.0,841364514.9622962,0.0,-22290619.316817757,0.0,1140309.12537625,210131264.06201157,0.0,0.0,0.0,210357287.37750942,0.0,0.0,0.0,351897.7089285244,naca_wing,45.0,400.0,10100.0,1.0,400.0,8754.563
4075325.624516309,2.9940195455015646e-09,0.9472467019103942,2656517.0590986195,0.0,-245331.7857030692,0.0,2696742.7993793003,0.0,-245331.7857030692,0.0,42370.07438022072,664930.8683320172,0.0,0.0,0.0,674935.6292971659,0.0,0.0,0.0,12149.09506468871,naca_wing,30.0,400.0,2900.0,1.0,400.0,430.5245
16671900.651528694,3.5302216640811174e-07,21.37994014346227,727083756.8730613,0.0,-19284572.95026426,0.0,727919044.084792,0.0,-19284572.95026426,0.0,1028888.2915258949,181841833.36441496,0.0,0.0,0.0,181995047.65064332,0.0,0.0,0.0,346815.3660235577,naca_wing,60.0,400.0,10100.0,1.0,400.0,8203.074
13811499.369218757,5.5957006813472646e-08,23.606180106582606,771231578.9262997,0.0,-20870461.70668212,0.0,772233940.8403034,0.0,-20870461.70668212,0.0,1055803.5317637625,192821150.86475924,0.0,0.0,0.0,193070455.51921487,0.0,0.0,0.0,302746.2722156322,naca_wing,30.0,400.0,9900.0,1.0,400.0,6755.711
21165836.89028788,1.187893619475157e-07,24.558283283946864,835117973.1183066,0.0,-33226662.90494978,0.0,837464301.0638564,0.0,-33226662.90494978,0.0,2471419.7028532005,208820353.6694514,0.0,0.0,0.0,209403923.63298813,0.0,0.0,0.0,708661.7208402706,naca_wing,30.0,600.0,10100.0,1.0,600.0,6755.711
18662246.530940816,3.6375524813670994e-08,17.262502185289662,455827251.7804283,0.0,-20580797.571655042,0.0,457476540.5655335,0.0,-20580797.571655042,0.0,1737217.782000317,113986552.25622979,0.0,0.0,0.0,114396757.3708563,0.0,0.0,0.0,498134.1115216426,naca_wing,30.0,600.0,8900.0,1.0,600.0,4922.692
16671900.651528694,5.112618298307201e-08,21.37994014346227,727083756.8730613,0.0,-19284572.95026426,0.0,727919044.084792,0.0,-19284572.95026426,0.0,1028888.2915258949,181841833.36441496,0.0,0.0,0.0,181995047.65064332,0.0,0.0,0.0,346815.3660235577,naca_wing,60.0,400.0,10100.0,1.0,400.0,8203.074
12820544.344803806,1.3054146807095783e-08,5.5070590479095936,68319571.01583141,0.0,-4500150.742143296,0.0,68845746.26151441,0.0,-4500150.742143296,0.0,554225.636122334,17090154.22265244,0.0,0.0,0.0,17221022.2802062,0.0,0.0,0.0,158918.447993086,naca_wing,30.0,600.0,6100.0,1.0,600.0,1664.5382
5466206.444891692,7.233258148697529e-09,2.0732215423911593,10513527.947025103,0.0,-722099.3840021564,0.0,10601566.836096354,0.0,-722099.3840021564,0.0,92732.22981343957,2630103.032082722,0.0,0.0,0.0,2651999.6636958,0.0,0.0,0.0,26589.97235526667,naca_wing,30.0,400.0,3900.0,1.0,400.0,846.1857
9917026.01662726,1.01034624031495e-07,8.228765669149238,138278513.57254866,0.0,-5217553.652620433,0.0,138627925.87130156,0.0,-5217553.652620433,0.0,368041.10434310907,34575494.22709544,0.0,0.0,0.0,34662398.5845194,0.0,0.0,0.0,105533.16301414327,naca_wing,30.0,400.0,7100.0,1.0,400.0,2413.6084
2962620.215108996,3.3696260920625375e-09,0.49960369478812533,734982.4172104503,0.0,-93700.02094645,0.0,756198.7564892842,0.0,-93700.02094645,0.0,22347.31218832249,184169.343706542,0.0,0.0,0.0,189446.16675437114,0.0,0.0,0.0,6407.795957317724,naca_wing,30.0,400.0,2100.0,1.0,400.0,287.09174
2388934.3205720372,3.458580395774778e-09,0.1516789127274186,61563.43517941118,0.0,-22351.58780027589,0.0,76056.5538839206,0.0,-22351.58780027589,0.0,15265.672400255835,15680.564079367055,0.0,0.0,0.0,19285.22996443291,0.0,0.0,0.0,4377.219580812264,naca_wing,30.0,600.0,1100.0,1.0,600.0,142.86172
19079511.520971283,3.4278752571920846e-07,17.717916931715372,489114096.4349865,0.0,-21598455.234516226,0.0,490806897.7301878,0.0,-21598455.234516226,0.0,1783049.9637741705,122308921.15614907,0.0,0.0,0.0,122729948.49624524,0.0,0.0,0.0,511276.0086690313,naca_wing,30.0,600.0,9100.0,1.0,600.0,4922.692
8526145.507051188,1.4583811029463144e-08,6.235705218176979,77349871.01404266,0.0,-3396975.62504024,0.0,77614657.34956649,0.0,-3396975.62504024,0.0,278902.9777317534,19342223.22195128,0.0,0.0,0.0,19408079.867402583,0.0,0.0,0.0,79973.28765921798,naca_wing,30.0,400.0,6100.0,1.0,400.0,2068.9014
6144315.71139428,1.004800522609199e-08,1.279970834385542,3591442.9981716126,0.0,-497264.95811841753,0.0,3713745.5451132725,0.0,-497264.95811841753,0.0,128821.91136170297,900304.3188760101,0.0,0.0,0.0,930722.9207519947,0.0,0.0,0.0,36937.96629602749,naca_wing,30.0,600.0,2900.0,1.0,600.0,669.4423
1971669.4232658644,9.72509596386749e-10,0.1325212741770303,36118.22999296605,0.0,-15977.859288554131,0.0,48780.81025749551,0.0,-15977.859288554131,0.0,13337.557145080946,9282.671972117412,0.0,0.0,0.0,12432.05384343671,0.0,0.0,0.0,3824.3587518707814,naca_wing,30.0,600.0,900.0,1.0,600.0,166.8308
23042078.254342575,5.048894060139813e-07,21.351746372454603,726151634.7456809,0.0,-28890294.56683358,0.0,728123889.7167301,0.0,-28890294.56683358,0.0,2216952.7430821275,181628722.88215783,0.0,0.0,0.0,182068169.77117053,0.0,0.0,0.0,684144.6610457066,naca_wing,45.0,600.0,10100.0,1.0,600.0,6808.564
25070516.619843785,2.5885516378948415e-08,18.42725077252392,626775099.4815718,0.0,-24932393.501978107,0.0,628395021.6386226,0.0,-24932393.501978107,0.0,1995356.8868107286,156834136.65528077,0.0,0.0,0.0,157131287.87957665,0.0,0.0,0.0,672585.9540558038,naca_wing,60.0,600.0,10100.0,1.0,600.0,6355.34
6561580.389696933,1.0926066340769088e-09,1.0371110478236445,3324851.4543137588,0.0,-430701.3204292114,0.0,3423948.2505890504,0.0,-430701.3204292114,0.0,104379.19960945286,833192.1619174535,0.0,0.0,0.0,857839.1214973511,0.0,0.0,0.0,29929.3629140587,naca_wing,30.0,600.0,3100.0,1.0,600.0,428.11978
16343421.015924644,1.56286028317502e-07,22.76539286811115,743846333.6391349,0.0,-20127633.913618032,0.0,744735749.771978,0.0,-20127633.913618032,0.0,1095562.990816742,186037294.88824168,0.0,0.0,0.0,186200438.0157785,0.0,0.0,0.0,369289.98551044735,naca_wing,60.0,400.0,9900.0,1.0,400.0,9375.467
13811499.369218757,4.3507659719418284e-08,17.9908298787744,587773882.5576675,0.0,-15905873.985587846,0.0,588537806.3517919,0.0,-15905873.985587846,0.0,804652.9188377376,146953573.45299748,0.0,0.0,0.0,147143574.44451946,0.0,0.0,0.0,230730.1162353565,naca_wing,30.0,400.0,9900.0,1.0,400.0,4434.987
20748572.135792468,1.091370276252537e-07,22.56277832667463,737176323.3963804,0.0,-29922313.753482763,0.0,739331998.9493971,0.0,-29922313.753482763,0.0,2270602.857362726,184331847.44703522,0.0,0.0,0.0,184867999.06644574,0.0,0.0,0.0,651078.9237566683,naca_wing,30.0,600.0,9900.0,1.0,600.0,6143.515
7135264.145140437,7.01637155444743e-09,3.263779657137843,28300459.03780733,0.0,-1486523.6777942998,0.0,28439051.091038853,0.0,-1486523.6777942998,0.0,145980.66020622046,7077731.8172685,0.0,0.0,0.0,7112201.877992647,0.0,0.0,0.0,41858.667698841535,naca_wing,30.0,400.0,5100.0,1.0,400.0,1050.2509
10316959.941562042,2.3151803480574437e-08,2.4657541750292786,19740478.623311725,0.0,-1618567.712404125,0.0,19976079.026848633,0.0,-1618567.712404125,0.0,248159.5726502666,4939789.187698483,0.0,0.0,0.0,4998386.928553104,0.0,0.0,0.0,71156.9099679808,naca_wing,30.0,600.0,4900.0,1.0,600.0,713.4058
6857088.825882185,1.406260106048824e-08,3.2378046840912247,25916717.66734621,0.0,-1416863.6075831344,0.0,26054207.05217066,0.0,-1416863.6075831344,0.0,144819.17780460045,6481795.0510886265,0.0,0.0,0.0,6515990.868856929,0.0,0.0,0.0,41525.61074845023,naca_wing,30.0,400.0,4900.0,1.0,400.0,1115.4686
25070516.619843785,2.2681144368305713e-07,23.208958218457468,789417655.178787,0.0,-31402127.545599904,0.0,791457932.7071204,0.0,-31402127.545599904,0.0,2513134.2265093955,197531198.21257558,0.0,0.0,0.0,197905457.5328823,0.0,0.0,0.0,847116.0184826879,naca_wing,60.0,600.0,10100.0,1.0,600.0,9085.979
12420615.489901124,1.328585836180781e-08,12.611044137117261,332983817.73324186,0.0,-10023311.005401587,0.0,333519303.4964983,0.0,-10023311.005401587,0.0,564035.7671585443,83253616.20797722,0.0,0.0,0.0,83386800.7561728,0.0,0.0,0.0,161734.55209769565,naca_wing,30.0,400.0,8900.0,1.0,400.0,3103.0366
12698792.289011668,9.380887159331792e-08,17.43485405922724,481273981.54554766,0.0,-14168699.883159451,0.0,482014294.7299204,0.0,-14168699.883159451,0.0,779783.7424257391,120328915.38439566,0.0,0.0,0.0,120513044.05428214,0.0,0.0,0.0,223599.22793950338,naca_wing,30.0,400.0,9100.0,1.0,400.0,4922.692
1971669.4232658644,6.332613941730868e-10,0.1203397262245427,32798.189845823,0.0,-14509.15126178391,0.0,44296.80734548701,0.0,-14509.15126178391,0.0,12111.549525241682,8429.395285353103,0.0,0.0,0.0,11289.281401938546,0.0,0.0,0.0,3472.8181421631166,naca_wing,30.0,600.0,900.0,1.0,600.0,143.68008
20748572.135792468,5.672609881771704e-07,23.98943729512817,783788455.9040909,0.0,-31814320.874911524,0.0,786080436.2071812,0.0,-31814320.874911524,0.0,2414174.534722293,195987268.5802127,0.0,0.0,0.0,196557321.4109549,0.0,0.0,0.0,692247.0623741702,naca_wing,30.0,600.0,9900.0,1.0,600.0,6755.711
23042078.254342575,4.590131737534125e-08,21.351746372454603,726151634.7456809,0.0,-28890294.56683358,0.0,728123889.7167301,0.0,-28890294.56683358,0.0,2216952.7430821275,181628722.88215783,0.0,0.0,0.0,182068169.77117053,0.0,0.0,0.0,684144.6610457066,naca_wing,45.0,600.0,10100.0,1.0,600.0,6808.564
14089673.792596055,3.1928054950664474e-08,22.728782638205164,772871184.4126879,0.0,-20500737.04526571,0.0,773836293.4945486,0.0,-20500737.04526571,0.0,1016564.2794087426,193230405.18186027,0.0,0.0,0.0,193470444.12639067,0.0,0.0,0.0,291494.1420784568,naca_wing,30.0,400.0,10100.0,1.0,400.0,6143.515
20748572.135792468,1.0884594509923526e-07,22.957196994473577,750062861.5344245,0.0,-30445384.049048185,0.0,752256220.3313891,0.0,-30445384.049048185,0.0,2310295.139099267,187554142.17733553,0.0,0.0,0.0,188099666.2332609,0.0,0.0,0.0,662460.398060144,naca_wing,30.0,600.0,9900.0,1.0,600.0,6310.6987
18662246.530940816,3.711038795972788e-08,17.262502185289662,455827251.7804283,0.0,-20580797.571655042,0.0,457476540.5655335,0.0,-20580797.571655042,0.0,1737217.782000317,113986552.25622979,0.0,0.0,0.0,114396757.3708563,0.0,0.0,0.0,498134.1115216426,naca_wing,30.0,600.0,8900.0,1.0,600.0,4922.692
21165836.89028788,3.306142594555825e-08,13.825622538799463,470147922.72749513,0.0,-18705676.379588414,0.0,471468839.3466389,0.0,-18705676.379588414,0.0,1391339.7590350157,117559983.93176161,0.0,0.0,0.0,117888517.40242621,0.0,0.0,0.0,398956.61055584316,naca_wing,30.0,600.0,10100.0,1.0,600.0,2773.9487
14089673.792596055,4.0817287735246267e-08,19.370401453629967,658672545.3941185,0.0,-17471569.550522096,0.0,659495050.9660078,0.0,-17471569.550522096,0.0,866357.8031877548,164678882.32292005,0.0,0.0,0.0,164883453.36370444,0.0,0.0,0.0,248423.27208277822,naca_wing,30.0,400.0,10100.0,1.0,400.0,4795.5327
8526145.507051188,2.9565073993837115e-08,6.235705218176979,77349871.01404266,0.0,-3396975.62504024,0.0,77614657.34956649,0.0,-3396975.62504024,0.0,278902.9777317534,19342223.22195128,0.0,0.0,0.0,19408079.867402583,0.0,0.0,0.0,79973.28765921798,naca_wing,30.0,400.0,6100.0,1.0,400.0,2068.9014
24577792.872920644,1.7399621962666406e-07,22.164606944784676,724342865.9205829,0.0,-29395264.860963568,0.0,726291336.5530996,0.0,-29395264.860963568,0.0,2400049.7233931203,181254584.2559964,0.0,0.0,0.0,181612003.07351577,0.0,0.0,0.0,808997.9083958298,naca_wing,60.0,600.0,9900.0,1.0,600.0,8773.263
4075325.624516309,1.30799408282173e-09,1.216973444172651,3412955.36674296,0.0,-315189.5568598492,0.0,3464635.311993807,0.0,-315189.5568598492,0.0,54434.8745098363,854268.7003699634,0.0,0.0,0.0,867122.2984720479,0.0,0.0,0.0,15608.52736107367,naca_wing,30.0,400.0,2900.0,1.0,400.0,634.7319
4075325.624516309,2.000351194134829e-08,1.211464685961522,3397506.2655396517,0.0,-313762.818201148,0.0,3448952.2760862415,0.0,-313762.818201148,0.0,54188.469328717736,850401.7633055536,0.0,0.0,0.0,863197.1782447872,0.0,0.0,0.0,15537.873721361406,naca_wing,30.0,400.0,2900.0,1.0,400.0,630.286
22588590.946251713,3.443903305032834e-07,20.857173721027277,681522242.6837229,0.0,-27662281.097533733,0.0,683448815.435668,0.0,-27662281.097533733,0.0,2165602.4924459667,170469343.58425194,0.0,0.0,0.0,170898611.8558442,0.0,0.0,0.0,668298.0120930737,naca_wing,45.0,600.0,9900.0,1.0,600.0,6808.564
14089673.792596055,1.9497218000151903e-08,13.604743276025404,462616683.7328964,0.0,-12271104.3926006,0.0,463194368.05066556,0.0,-12271104.3926006,0.0,608483.800697996,115661718.3360583,0.0,0.0,0.0,115805398.19206145,0.0,0.0,0.0,174479.3389319792,naca_wing,30.0,400.0,10100.0,1.0,400.0,2773.9487
20748572.135792468,1.248594306762428e-07,26.33467460858551,860412593.0203328,0.0,-34924528.56758215,0.0,862928640.1767799,0.0,-34924528.56758215,0.0,2650187.2485836158,215147228.4234662,0.0,0.0,0.0,215773010.33000335,0.0,0.0,0.0,759921.998673774,naca_wing,30.0,600.0,9900.0,1.0,600.0,7806.03
22588590.946251713,5.1810023516916913e-08,24.100277398103632,787492846.4107577,0.0,-31963518.012163643,0.0,789718983.967578,0.0,-31963518.012163643,0.0,2502334.2807638003,196975799.4637234,0.0,0.0,0.0,197471815.1062046,0.0,0.0,0.0,772212.366424641,naca_wing,45.0,600.0,9900.0,1.0,600.0,8517.266
1571738.193668521,1.461475655308311e-10,0.1019786571318824,41246.809541051705,0.0,-10018.40002665091,0.0,45577.5012280085,0.0,-10018.40002665091,0.0,4561.543472520626,10398.265758657275,0.0,0.0,0.0,11475.373101341705,0.0,0.0,0.0,1307.9591282482652,naca_wing,30.0,400.0,1100.0,1.0,400.0,79.18212
21165836.89028788,6.01842496715142e-07,13.825622538799463,470147922.72749513,0.0,-18705676.379588414,0.0,471468839.3466389,0.0,-18705676.379588414,0.0,1391339.7590350157,117559983.93176161,0.0,0.0,0.0,117888517.40242621,0.0,0.0,0.0,398956.61055584316,naca_wing,30.0,600.0,10100.0,1.0,600.0,2773.9487
6857088.825882185,6.562486593144584e-09,3.1143176554944625,24928276.8044842,0.0,-1362825.6732731967,0.0,25060522.464855786,0.0,-1362825.6732731967,0.0,139295.90148136058,6234585.077378682,0.0,0.0,0.0,6267476.696673435,0.0,0.0,0.0,39941.86040452508,naca_wing,30.0,400.0,4900.0,1.0,400.0,1050.2509
2405220.8974164505,1.001637046248822e-09,0.10249461834444736,28717.643363237738,0.0,-12357.395197285696,0.0,37727.92720480384,0.0,-12357.395197285696,0.0,11098.47968816883,7962.483148487142,0.0,0.0,0.0,9615.309158753415,0.0,0.0,0.0,3741.021856868998,naca_wing,60.0,600.0,900.0,1.0,600.0,164.48332
15330051.987681516,3.1273221796052765e-07,26.45191720797841,899515789.9232147,0.0,-23860013.242515337,0.0,900601646.9733877,0.0,-23860013.242515337,0.0,1220593.759434524,224925771.32674533,0.0,0.0,0.0,225167708.0456963,0.0,0.0,0.0,376673.4282124948,naca_wing,45.0,400.0,10100.0,1.0,400.0,9727.791
5466206.444891692,5.082290571012442e-09,1.607933050662616,8154000.293470437,0.0,-560040.2280506104,0.0,8222280.810813516,0.0,-560040.2280506104,0.0,71920.54207901834,2039834.8683258428,0.0,0.0,0.0,2056817.2876905599,0.0,0.0,0.0,20622.44410065651,naca_wing,30.0,400.0,3900.0,1.0,400.0,570.76416
20748572.135792468,3.1590087018793686e-07,25.728548607718324,840609103.8238815,0.0,-34120696.162303865,0.0,843067240.9577595,0.0,-34120696.162303865,0.0,2589189.821335758,210195341.56326303,0.0,0.0,0.0,210806720.30400977,0.0,0.0,0.0,742431.4282044899,naca_wing,30.0,600.0,9900.0,1.0,600.0,7529.4385
2405220.8974164505,2.2033972883652727e-10,0.10249461834444736,28717.643363237738,0.0,-12357.395197285696,0.0,37727.92720480384,0.0,-12357.395197285696,0.0,11098.47968816883,7962.483148487142,0.0,0.0,0.0,9615.309158753415,0.0,0.0,0.0,3741.021856868998,naca_wing,60.0,600.0,900.0,1.0,600.0,164.48332
5466206.444891692,2.5367829892325527e-08,2.145694295374998,10881045.020484915,0.0,-747341.5152537025,0.0,10972161.448801331,0.0,-747341.5152537025,0.0,95973.83224110815,2722042.462321487,0.0,0.0,0.0,2744704.52548234,0.0,0.0,0.0,27519.467085544158,naca_wing,30.0,400.0,3900.0,1.0,400.0,892.45154
1423112.2279310431,1.358433564389474e-09,0.11063763126374976,30153.920079942043,0.0,-8892.975881194181,0.0,34695.84322130929,0.0,-8892.975881194181,0.0,5105.455214451681,7749.799749032718,0.0,0.0,0.0,8761.790946837176,0.0,0.0,0.0,1575.5232708888911,naca_wing,45.0,400.0,900.0,1.0,400.0,161.88298
2962620.215108996,1.765670150432492e-08,0.49779196623085326,732317.1274052624,0.0,-93360.23361994179,0.0,753456.5292071457,0.0,-93360.23361994179,0.0,22266.273428817258,183501.4846357467,0.0,0.0,0.0,188759.17217455708,0.0,0.0,0.0,6384.5591657444165,naca_wing,30.0,400.0,2100.0,1.0,400.0,285.48038
14089673.792596055,3.102151613426256e-07,13.604743276025404,462616683.7328964,0.0,-12271104.3926006,0.0,463194368.05066556,0.0,-12271104.3926006,0.0,608483.800697996,115661718.3360583,0.0,0.0,0.0,115805398.19206145,0.0,0.0,0.0,174479.3389319792,naca_wing,30.0,400.0,10100.0,1.0,400.0,2773.9487
12420615.489901124,7.398430770060427e-08,15.604369320639522,412020005.1011611,0.0,-12402418.470931618,0.0,412682592.3956743,0.0,-12402418.470931618,0.0,697913.8543245215,103014481.62919691,0.0,0.0,0.0,103179278.52113147,0.0,0.0,0.0,200123.45174596796,naca_wing,30.0,400.0,8900.0,1.0,400.0,4316.088
22588590.946251713,1.3406100146745782e-07,24.91591632987371,814144399.5614941,0.0,-33045276.917109124,0.0,816445877.5149757,0.0,-33045276.917109124,0.0,2587022.154931358,203642159.68876347,0.0,0.0,0.0,204154962.26120782,0.0,0.0,0.0,798346.7738941493,naca_wing,45.0,600.0,9900.0,1.0,600.0,8967.991
19079511.520971283,2.1153396411017826e-08,14.760389281468388,407469709.5746631,0.0,-17993176.53246064,0.0,408879943.41815853,0.0,-17993176.53246064,0.0,1485417.93457132,101892750.47506382,0.0,0.0,0.0,102243498.6731681,0.0,0.0,0.0,425932.2891802087,naca_wing,30.0,600.0,9100.0,1.0,600.0,3709.5364
12420615.489901124,2.9494191618266677e-08,12.611044137117261,332983817.73324186,0.0,-10023311.005401587,0.0,333519303.4964983,0.0,-10023311.005401587,0.0,564035.7671585443,83253616.20797722,0.0,0.0,0.0,83386800.7561728,0.0,0.0,0.0,161734.55209769565,naca_wing,30.0,400.0,8900.0,1.0,400.0,3103.0366
4075325.624516309,5.0966956147062e-09,0.9472467019103942,2656517.0590986195,0.0,-245331.7857030692,0.0,2696742.7993793003,0.0,-245331.7857030692,0.0,42370.07438022072,664930.8683320172,0.0,0.0,0.0,674935.6292971659,0.0,0.0,0.0,12149.09506468871,naca_wing,30.0,400.0,2900.0,1.0,400.0,430.5245
11029734.081679627,1.4585707964686744e-07,8.833483925610457,183773957.8888687,0.0,-6232078.75754928,0.0,184149048.11585766,0.0,-6232078.75754928,0.0,395088.03985804843,45949524.93953156,0.0,0.0,0.0,46042816.03403601,0.0,0.0,0.0,113288.90737350743,naca_wing,30.0,400.0,7900.0,1.0,400.0,2219.2397
11029734.081679627,5.354470289758027e-08,8.833483925610457,183773957.8888687,0.0,-6232078.75754928,0.0,184149048.11585766,0.0,-6232078.75754928,0.0,395088.03985804843,45949524.93953156,0.0,0.0,0.0,46042816.03403601,0.0,0.0,0.0,113288.90737350743,naca_wing,30.0,400.0,7900.0,1.0,400.0,2219.2397
8647903.001388159,1.6132799967570704e-08,2.661492574927795,14919989.239066053,0.0,-1461829.0914569704,0.0,15174295.094195819,0.0,-1461829.0914569704,0.0,267861.93304488977,3735066.6929319995,0.0,0.0,0.0,3798316.7509549228,0.0,0.0,0.0,76806.1359380494,naca_wing,30.0,600.0,4100.0,1.0,600.0,1109.861
14089673.792596055,1.3864117833159777e-07,26.70964284643833,908236645.6031542,0.0,-24091363.50520508,0.0,909370789.8859643,0.0,-24091363.50520508,0.0,1194611.6633547333,227073978.91186047,0.0,0.0,0.0,227356059.7685301,0.0,0.0,0.0,342548.2372143162,naca_wing,30.0,400.0,10100.0,1.0,400.0,7888.797
5744382.807668356,1.0787245283702851e-08,2.2751873281075703,12751143.585311292,0.0,-833081.1474042726,0.0,12847758.729277182,0.0,-833081.1474042726,0.0,101765.69876520081,3189668.838939231,0.0,0.0,0.0,3213698.5066506593,0.0,0.0,0.0,29180.222510739623,naca_wing,30.0,400.0,4100.0,1.0,400.0,892.45154
4475257.535683338,5.908248179557218e-09,0.5058738476956567,744922.8985173964,0.0,-142315.4665506729,0.0,793259.8114058604,0.0,-142315.4665506729,0.0,50913.510100853324,187196.98143293487,0.0,0.0,0.0,199219.11783510464,0.0,0.0,0.0,14598.733614559118,naca_wing,30.0,600.0,2100.0,1.0,600.0,285.48038
12698792.289011668,1.90450251463411e-07,18.792959320344536,518763296.0047044,0.0,-15272384.82305873,0.0,519561276.61933815,0.0,-15272384.82305873,0.0,840525.7709809851,129702055.67527151,0.0,0.0,0.0,129900527.23064737,0.0,0.0,0.0,241016.7117231252,naca_wing,30.0,400.0,9100.0,1.0,400.0,5529.3516
8526145.507051188,2.8516707557011032e-08,5.419077827596237,67220138.91191784,0.0,-2952108.0048620687,0.0,67450248.85292418,0.0,-2952108.0048620687,0.0,242377.8690293143,16809167.42070383,0.0,0.0,0.0,16866399.485831715,0.0,0.0,0.0,69499.99315085384,naca_wing,30.0,400.0,6100.0,1.0,400.0,1664.5382
8247968.927153441,3.4185735548052655e-08,4.354769276980455,50534297.91485138,0.0,-2294531.6997133703,0.0,50719214.0989585,0.0,-2294531.6997133703,0.0,194774.69080974933,12636918.281928977,0.0,0.0,0.0,12682909.934261458,0.0,0.0,0.0,55850.15903510932,naca_wing,30.0,400.0,5900.0,1.0,400.0,1260.2423
15027727.165890418,2.0565770951719247e-07,25.338878438223198,827881187.8689954,0.0,-22403447.89569453,0.0,828921355.0622247,0.0,-22403447.89569453,0.0,1169234.4456153174,207015318.9364315,0.0,0.0,0.0,207247075.64564106,0.0,0.0,0.0,360823.9615955947,naca_wing,45.0,400.0,9900.0,1.0,400.0,9437.518
21165836.89028788,4.4582275308822495e-08,13.825622538799463,470147922.72749513,0.0,-18705676.379588414,0.0,471468839.3466389,0.0,-18705676.379588414,0.0,1391339.7590350157,117559983.93176161,0.0,0.0,0.0,117888517.40242621,0.0,0.0,0.0,398956.61055584316,naca_wing,30.0,600.0,10100.0,1.0,600.0,2773.9487
20748572.135792468,5.055051476480358e-08,23.98943729512817,783788455.9040909,0.0,-31814320.874911524,0.0,786080436.2071812,0.0,-31814320.874911524,0.0,2414174.534722293,195987268.5802127,0.0,0.0,0.0,196557321.4109549,0.0,0.0,0.0,692247.0623741702,naca_wing,30.0,600.0,9900.0,1.0,600.0,6755.711
16343421.015924644,3.794813806690515e-08,17.65219531034047,576775495.9621803,0.0,-15606887.482091457,0.0,577465145.7029105,0.0,-15606887.482091457,0.0,849495.1965343545,144252580.37056303,0.0,0.0,0.0,144379080.9043998,0.0,0.0,0.0,286345.9896409018,naca_wing,60.0,400.0,9900.0,1.0,400.0,6321.6587
16343421.015924644,4.268873153923258e-08,17.65219531034047,576775495.9621803,0.0,-15606887.482091457,0.0,577465145.7029105,0.0,-15606887.482091457,0.0,849495.1965343545,144252580.37056303,0.0,0.0,0.0,144379080.9043998,0.0,0.0,0.0,286345.9896409018,naca_wing,60.0,400.0,9900.0,1.0,400.0,6321.6587
9638852.56924035,1.3975148801890687e-08,5.778856556450397,91716050.2856806,0.0,-3560954.579795573,0.0,91961435.86927925,0.0,-3560954.579795573,0.0,258468.0736264675,22933280.37053483,0.0,0.0,0.0,22994311.711905044,0.0,0.0,0.0,74113.8313980448,naca_wing,30.0,400.0,6900.0,1.0,400.0,1470.2358
12403281.475491079,3.071287518349611e-08,4.425470958587749,51361225.125366874,0.0,-3497777.4087343393,0.0,51784066.032222144,0.0,-3497777.4087343393,0.0,445382.047327728,12848564.108256988,0.0,0.0,0.0,12953731.645421784,0.0,0.0,0.0,127708.67763725252,naca_wing,30.0,600.0,5900.0,1.0,600.0,1260.2423
14489600.91233958,2.5350934260023533e-08,7.027980733690367,111551203.87104353,0.0,-6496115.923137643,0.0,112222686.11226326,0.0,-6496115.923137643,0.0,707279.7547428305,27900663.188293908,0.0,0.0,0.0,28067671.438760992,0.0,0.0,0.0,202805.76399019494,naca_wing,30.0,600.0,6900.0,1.0,600.0,1941.8876
14089673.792596055,5.680700260133717e-08,18.41743477517764,626267796.8774403,0.0,-16612019.806973044,0.0,627049837.598628,0.0,-16612019.806973044,0.0,823735.5519127111,156577166.52347246,0.0,0.0,0.0,156771673.27179956,0.0,0.0,0.0,236201.57905211448,naca_wing,30.0,400.0,10100.0,1.0,400.0,4434.987
6561580.389696933,4.935018232111934e-09,1.040867306748282,3336893.5620268798,0.0,-432261.25529068103,0.0,3436349.2718690387,0.0,-432261.25529068103,0.0,104757.24524005556,836209.857564133,0.0,0.0,0.0,860946.084693616,0.0,0.0,0.0,30037.76252737933,naca_wing,30.0,600.0,3100.0,1.0,600.0,430.5245
4057992.5120245074,3.297141662583225e-09,0.480277898789744,579157.5049750224,0.0,-122246.58874924084,0.0,625048.6935575744,0.0,-122246.58874924084,0.0,48337.41527150088,145706.70131727835,0.0,0.0,0.0,157120.55513723043,0.0,0.0,0.0,13860.080508900955,naca_wing,30.0,600.0,1900.0,1.0,600.0,315.89804
1571738.193668521,1.6717946035615679e-09,0.14925567816220595,60368.71540792549,0.0,-14662.902337930034,0.0,66707.1036827607,0.0,-14662.902337930034,0.0,6676.262304346373,15218.87276385819,0.0,0.0,0.0,16795.3240665847,0.0,0.0,0.0,1914.3253322376713,naca_wing,30.0,400.0,1100.0,1.0,400.0,142.86172
2962620.215108996,2.1748223936793855e-08,0.49960369478812533,734982.4172104503,0.0,-93700.02094645,0.0,756198.7564892842,0.0,-93700.02094645,0.0,22347.31218832249,184169.343706542,0.0,0.0,0.0,189446.16675437114,0.0,0.0,0.0,6407.795957317724,naca_wing,30.0,400.0,2100.0,1.0,400.0,287.09174
4075325.624516309,2.1599105731177797e-08,0.9472467019103942,2656517.0590986195,0.0,-245331.7857030692,0.0,2696742.7993793003,0.0,-245331.7857030692,0.0,42370.07438022072,664930.8683320172,0.0,0.0,0.0,674935.6292971659,0.0,0.0,0.0,12149.09506468871,naca_wing,30.0,400.0,2900.0,1.0,400.0,430.5245
21165836.89028788,3.813871101346696e-07,23.09779487540963,785453258.960633,0.0,-31250663.383078713,0.0,787660050.0856533,0.0,-31250663.383078713,0.0,2324443.6383248195,196401745.1504988,0.0,0.0,0.0,196950610.03479764,0.0,0.0,0.0,666517.3976034009,naca_wing,30.0,600.0,10100.0,1.0,600.0,6143.515
23042078.254342575,5.37477549859702e-08,25.506731315970498,867458535.6636366,0.0,-34512258.07487673,0.0,869814585.4572045,0.0,-34512258.07487673,0.0,2648365.008257586,216973120.27809912,0.0,0.0,0.0,217498082.19597515,0.0,0.0,0.0,817277.132565642,naca_wing,45.0,600.0,10100.0,1.0,600.0,8967.991
14089673.792596055,2.980323514792597e-08,21.216176639611678,721436419.590853,0.0,-19136408.021408,0.0,722337300.4291797,0.0,-19136408.021408,0.0,948911.6799947798,180370874.83915606,0.0,0.0,0.0,180594939.13369432,0.0,0.0,0.0,272095.1362064224,naca_wing,30.0,400.0,10100.0,1.0,400.0,5521.774
19079511.520971283,8.400517772646855e-08,17.717916931715372,489114096.4349865,0.0,-21598455.234516226,0.0,490806897.7301878,0.0,-21598455.234516226,0.0,1783049.9637741705,122308921.15614907,0.0,0.0,0.0,122729948.49624524,0.0,0.0,0.0,511276.0086690313,naca_wing,30.0,600.0,9100.0,1.0,600.0,4922.692
23042078.254342575,4.993658669707587e-08,21.351746372454603,726151634.7456809,0.0,-28890294.56683358,0.0,728123889.7167301,0.0,-28890294.56683358,0.0,2216952.7430821275,181628722.88215783,0.0,0.0,0.0,182068169.77117053,0.0,0.0,0.0,684144.6610457066,naca_wing,45.0,600.0,10100.0,1.0,600.0,6808.564
2388934.3205720372,2.274826526589073e-10,0.16193920281821061,65727.8815916925,0.0,-23863.556541987356,0.0,81201.38444818874,0.0,-23863.556541987356,0.0,16298.315794391325,16741.27273918379,0.0,0.0,0.0,20589.77553602671,0.0,0.0,0.0,4673.315734738018,naca_wing,30.0,600.0,1100.0,1.0,600.0,158.1094
15330051.987681516,3.6798804679679326e-07,19.020475238502584,646804451.8042015,0.0,-17156744.726719584,0.0,647585246.5183607,0.0,-17156744.726719584,0.0,877678.2867970216,161734782.03428933,0.0,0.0,0.0,161908748.68237424,0.0,0.0,0.0,270850.2207226282,naca_wing,45.0,400.0,10100.0,1.0,400.0,5835.7686
24577792.872920644,5.689500394039906e-08,18.000418507185636,588256528.1552486,0.0,-23872612.356494583,0.0,589838928.7329639,0.0,-23872612.356494583,0.0,1949138.9839104128,147201273.6829326,0.0,0.0,0.0,147491542.23196298,0.0,0.0,0.0,657006.9552254914,naca_wing,60.0,600.0,9900.0,1.0,600.0,6355.34
8526145.507051188,5.824384884310365e-09,5.419077827596237,67220138.91191784,0.0,-2952108.0048620687,0.0,67450248.85292418,0.0,-2952108.0048620687,0.0,242377.8690293143,16809167.42070383,0.0,0.0,0.0,16866399.485831715,0.0,0.0,0.0,69499.99315085384,naca_wing,30.0,400.0,6100.0,1.0,400.0,1664.5382
1571738.193668521,7.759099864014506e-10,0.098839732897771,39977.22418182553,0.0,-9710.031594322874,0.0,44174.616279741116,0.0,-9710.031594322874,0.0,4421.138217602132,10078.204980249804,0.0,0.0,0.0,11122.158735352481,0.0,0.0,0.0,1267.6998747892176,naca_wing,30.0,400.0,1100.0,1.0,400.0,75.438156
15330051.987681516,1.0757386287661753e-06,24.712040630069176,840350080.2303507,0.0,-22290619.316817757,0.0,841364514.9622962,0.0,-22290619.316817757,0.0,1140309.12537625,210131264.06201157,0.0,0.0,0.0,210357287.37750942,0.0,0.0,0.0,351897.7089285244,naca_wing,45.0,400.0,10100.0,1.0,400.0,8754.563
8230639.277079992,7.933548382316199e-09,2.5100128524166427,12732148.620221965,0.0,-1311381.8773567064,0.0,12971981.667259576,0.0,-1311381.8773567064,0.0,252617.54275528915,3187824.7489076783,0.0,0.0,0.0,3247475.055769395,0.0,0.0,0.0,72434.8025793958,naca_wing,30.0,600.0,3900.0,1.0,600.0,1109.861
4475257.535683338,2.9468980967013067e-09,0.5400364751834702,795228.9651486615,0.0,-151926.30192330916,0.0,846830.1621198895,0.0,-151926.30192330916,0.0,54351.79671637115,199838.75125888537,0.0,0.0,0.0,212672.76550250882,0.0,0.0,0.0,15584.613988766647,naca_wing,30.0,600.0,2100.0,1.0,600.0,315.89804
6857088.825882185,2.4589053341842592e-08,2.4263610870989467,19421590.05524711,0.0,-1061775.8199121468,0.0,19524622.487952624,0.0,-1061775.8199121468,0.0,108525.26695549309,4857357.629935673,0.0,0.0,0.0,4882983.450412805,0.0,0.0,0.0,31118.654727110985,naca_wing,30.0,400.0,4900.0,1.0,400.0,713.4058
20748572.135792468,2.2435108651675451e-07,22.957196994473577,750062861.5344245,0.0,-30445384.049048185,0.0,752256220.3313891,0.0,-30445384.049048185,0.0,2310295.139099267,187554142.17733553,0.0,0.0,0.0,188099666.2332609,0.0,0.0,0.0,662460.398060144,naca_wing,30.0,600.0,9900.0,1.0,600.0,6310.6987
12420615.489901124,3.9362077041967994e-08,18.30991208423613,483457544.18734825,0.0,-14552795.256793976,0.0,484235013.29624844,0.0,-14552795.256793976,0.0,818920.7171705579,120875510.13926212,0.0,0.0,0.0,121068880.12052026,0.0,0.0,0.0,234821.5895285134,naca_wing,30.0,400.0,8900.0,1.0,400.0,5529.3516
20748572.135792468,1.4169468241124488e-07,26.33467460858551,860412593.0203328,0.0,-34924528.56758215,0.0,862928640.1767799,0.0,-34924528.56758215,0.0,2650187.2485836158,215147228.4234662,0.0,0.0,0.0,215773010.33000335,0.0,0.0,0.0,759921.998673774,naca_wing,30.0,600.0,9900.0,1.0,600.0,7806.03
6857088.825882185,8.012228823201934e-09,3.727018906934068,29832589.10782095,0.0,-1630943.793476942,0.0,29990852.371587675,0.0,-1630943.793476942,0.0,166700.54757051717,7461158.1189491935,0.0,0.0,0.0,7500520.73399103,0.0,0.0,0.0,47799.89884562725,naca_wing,30.0,400.0,4900.0,1.0,400.0,1387.1932
6857088.825882185,3.043492417374345e-08,3.1143176554944625,24928276.8044842,0.0,-1362825.6732731967,0.0,25060522.464855786,0.0,-1362825.6732731967,0.0,139295.90148136058,6234585.077378682,0.0,0.0,0.0,6267476.696673435,0.0,0.0,0.0,39941.86040452508,naca_wing,30.0,400.0,4900.0,1.0,400.0,1050.2509
5466206.444891692,2.016915125357282e-08,2.0638508407893363,10466008.118024886,0.0,-718835.5852638219,0.0,10553649.0823486,0.0,-718835.5852638219,0.0,92313.09175381322,2618215.295923435,0.0,0.0,0.0,2640012.9575052187,0.0,0.0,0.0,26469.789011881912,naca_wing,30.0,400.0,3900.0,1.0,400.0,840.2675
14089673.792596055,2.9671478993698247e-07,24.16593816592184,821740325.9136751,0.0,-21797011.81879209,0.0,822766459.4627905,0.0,-21797011.81879209,0.0,1080842.2918604894,205448487.83725291,0.0,0.0,0.0,205703704.59845263,0.0,0.0,0.0,309925.50394475047,naca_wing,30.0,400.0,10100.0,1.0,400.0,6755.711
21165836.89028788,1.1923957868591672e-07,25.149365876100564,855218062.7946719,0.0,-34026380.939447455,0.0,857620863.4825572,0.0,-34026380.939447455,0.0,2530903.2240493707,213846359.5394171,0.0,0.0,0.0,214443975.19347548,0.0,0.0,0.0,725718.1902225661,naca_wing,30.0,600.0,10100.0,1.0,600.0,7009.288
6857088.825882185,7.853569967726336e-09,3.727018906934068,29832589.10782095,0.0,-1630943.793476942,0.0,29990852.371587675,0.0,-1630943.793476942,0.0,166700.54757051717,7461158.1189491935,0.0,0.0,0.0,7500520.73399103,0.0,0.0,0.0,47799.89884562725,naca_wing,30.0,400.0,4900.0,1.0,400.0,1387.1932
23042078.254342575,2.4926661933538584e-07,25.506731315970498,867458535.6636366,0.0,-34512258.07487673,0.0,869814585.4572045,0.0,-34512258.07487673,0.0,2648365.008257586,216973120.27809912,0.0,0.0,0.0,217498082.19597515,0.0,0.0,0.0,817277.132565642,naca_wing,45.0,600.0,10100.0,1.0,600.0,8967.991
24577792.872920644,2.5285927556292778e-08,18.000418507185636,588256528.1552486,0.0,-23872612.356494583,0.0,589838928.7329639,0.0,-23872612.356494583,0.0,1949138.9839104128,147201273.6829326,0.0,0.0,0.0,147491542.23196298,0.0,0.0,0.0,657006.9552254914,naca_wing,60.0,600.0,9900.0,1.0,600.0,6355.34
1293561.765939304,2.5285927556292778e-08,0.02018667676375883,5473.250925984261,0.0,-1622.5715816302613,0.0,6330.511565516619,0.0,-1622.5715816302613,0.0,902.9577319703634,1385.4488813230953,0.0,0.0,0.0,1598.6620575120187,0.0,0.0,0.0,258.9102686269289,naca_wing,30.0,400.0,900.0,1.0,400.0,9.268021
6144315.71139428,6.810010768718694e-08,1.279970834385542,3591442.9981716126,0.0,-497264.95811841753,0.0,3713745.5451132725,0.0,-497264.95811841753,0.0,128821.91136170297,900304.3188760101,0.0,0.0,0.0,930722.9207519947,0.0,0.0,0.0,36937.96629602749,naca_wing,30.0,600.0,2900.0,1.0,600.0,669.4423
20748572.135792468,1.4111179470296582e-07,19.228925765795505,628251919.7617022,0.0,-25501023.9242714,0.0,630089074.9464025,0.0,-25501023.9242714,0.0,1935100.9505869634,157095166.18529758,0.0,0.0,0.0,157552096.6013832,0.0,0.0,0.0,554876.1819722297,naca_wing,30.0,600.0,9900.0,1.0,600.0,4795.5327
15330051.987681516,4.088962351476072e-08,19.020475238502584,646804451.8042015,0.0,-17156744.726719584,0.0,647585246.5183607,0.0,-17156744.726719584,0.0,877678.2867970216,161734782.03428933,0.0,0.0,0.0,161908748.68237424,0.0,0.0,0.0,270850.2207226282,naca_wing,45.0,400.0,10100.0,1.0,400.0,5835.7686
15027727.165890418,5.87266123960523e-08,18.57990205511888,607049417.0206853,0.0,-16427477.980677027,0.0,607812126.5706863,0.0,-16427477.980677027,0.0,857348.9758817897,151795366.915135,0.0,0.0,0.0,151965304.07191283,0.0,0.0,0.0,264576.5826585742,naca_wing,45.0,400.0,9900.0,1.0,400.0,5835.7686
4353502.076076816,4.2432298371569035e-09,1.3158882911992928,4216712.348095805,0.0,-364311.60018891183,0.0,4272592.683217367,0.0,-364311.60018891183,0.0,58859.18668018558,1055290.7284895047,0.0,0.0,0.0,1069189.0194543828,0.0,0.0,0.0,16877.142523502065,naca_wing,30.0,400.0,3100.0,1.0,400.0,634.7319
2388934.3205720372,4.0087483583728086e-10,0.0259523399087805,10533.53539393772,0.0,-3824.3681581246756,0.0,13013.315451655268,0.0,-3824.3681581246756,0.0,2611.96439204111,2682.9525715316195,0.0,0.0,0.0,3299.712756745575,0.0,0.0,0.0,748.9445195375172,naca_wing,30.0,600.0,1100.0,1.0,600.0,9.268021
13811499.369218757,2.958555660855473e-07,15.292109398354391,499604663.8277518,0.0,-13519908.014416648,0.0,500253994.9764798,0.0,-13519908.014416648,0.0,683950.6874048722,124909753.2945731,0.0,0.0,0.0,125071253.12352641,0.0,0.0,0.0,196119.36763010846,naca_wing,30.0,400.0,9900.0,1.0,400.0,3447.755
8647903.001388159,1.0757256147074636e-08,2.2239343615176526,12467093.48536612,0.0,-1221499.5366821515,0.0,12679590.613814263,0.0,-1221499.5366821515,0.0,223824.54215835355,3121009.331088189,0.0,0.0,0.0,3173860.869630986,0.0,0.0,0.0,64178.95225300718,naca_wing,30.0,600.0,4100.0,1.0,600.0,840.2675
8647903.001388159,8.99364582115223e-09,1.732653102498846,9713033.163362678,0.0,-951662.5124173807,0.0,9878588.323284985,0.0,-951662.5124173807,0.0,174380.2758285574,2431558.5001112805,0.0,0.0,0.0,2472734.7973134713,0.0,0.0,0.0,50001.41310843964,naca_wing,30.0,600.0,4100.0,1.0,600.0,570.76416
8647903.001388159,1.1596142173559553e-08,2.2340319058129814,12523699.03581797,0.0,-1227045.6291801129,0.0,12737160.985532543,0.0,-1227045.6291801129,0.0,224840.79437691424,3135179.951638916,0.0,0.0,0.0,3188271.4571343116,0.0,0.0,0.0,64470.3501577368,naca_wing,30.0,600.0,4100.0,1.0,600.0,846.1857
16671900.651528694,1.2096988090618263e-07,23.305213884235467,792557993.7070911,0.0,-21021157.882403195,0.0,793468498.9280378,0.0,-21021157.882403195,0.0,1121540.1697150643,198216776.6243763,0.0,0.0,0.0,198383787.92967987,0.0,0.0,0.0,378046.25407194975,naca_wing,60.0,400.0,10100.0,1.0,400.0,9375.467
10734224.476070281,7.862197249377578e-09,3.3167686206117772,28764747.65973759,0.0,-2266051.2120157504,0.0,29081660.642862525,0.0,-2266051.2120157504,0.0,333806.772844202,7197459.70420952,0.0,0.0,0.0,7276281.180137703,0.0,0.0,0.0,95715.2656474493,naca_wing,30.0,600.0,5100.0,1.0,600.0,1050.2509
14489600.91233958,3.374659809887789e-08,8.087021839348807,128360770.48223239,0.0,-7475010.722428394,0.0,129133437.874937,0.0,-7475010.722428394,0.0,813859.206488049,32104993.039383143,0.0,0.0,0.0,32297167.63690364,0.0,0.0,0.0,233366.41130393627,naca_wing,30.0,600.0,6900.0,1.0,600.0,2413.6084
13811499.369218757,4.099068174159661e-08,13.289615237473383,434181680.24828225,0.0,-11749482.748074315,0.0,434745981.80430114,0.0,-11749482.748074315,0.0,594387.6832318708,108552882.89209048,0.0,0.0,0.0,108693234.39833449,0.0,0.0,0.0,170437.63345697804,naca_wing,30.0,400.0,9900.0,1.0,400.0,2773.9487
13811499.369218757,6.428238066703055e-08,13.289615237473383,434181680.24828225,0.0,-11749482.748074315,0.0,434745981.80430114,0.0,-11749482.748074315,0.0,594387.6832318708,108552882.89209048,0.0,0.0,0.0,108693234.39833449,0.0,0.0,0.0,170437.63345697804,naca_wing,30.0,400.0,9900.0,1.0,400.0,2773.9487
18662246.530940816,5.3872762059735396e-08,11.137550789574854,294094049.2568376,0.0,-13278473.525095202,0.0,295158149.78025067,0.0,-13278473.525095202,0.0,1120831.213916886,73542699.74628158,0.0,0.0,0.0,73807358.96249819,0.0,0.0,0.0,321389.90672046324,naca_wing,30.0,600.0,8900.0,1.0,600.0,2496.5935
7135264.145140437,9.34020491412796e-09,3.9058856018617063,33868204.07440886,0.0,-1778977.7619408844,0.0,34034062.300795436,0.0,-1778977.7619408844,0.0,174700.44511208302,8470182.948303118,0.0,0.0,0.0,8511434.542473482,0.0,0.0,0.0,50093.8128958728,naca_wing,30.0,400.0,5100.0,1.0,400.0,1387.1932
2388934.3205720372,9.730579020920236e-10,0.1036343275219053,42063.09954385224,0.0,-15271.679688864793,0.0,51965.49522713479,0.0,-15271.679688864793,0.0,10430.241520871876,10713.715468475884,0.0,0.0,0.0,13176.596552092884,0.0,0.0,0.0,2990.726921206321,naca_wing,30.0,600.0,1100.0,1.0,600.0,79.18212
12420615.489901124,2.120350713695078e-07,10.95961637825948,289379282.3850042,0.0,-8710749.265865192,0.0,289844645.7980175,0.0,-8710749.265865192,0.0,490174.7678038004,72351479.05452079,0.0,0.0,0.0,72467222.96437195,0.0,0.0,0.0,140555.26464167543,naca_wing,30.0,400.0,8900.0,1.0,400.0,2496.5935
14089673.792596055,1.4273719268460993e-07,26.52843042466825,902074685.1817317,0.0,-23927914.882937048,0.0,903201134.8265675,0.0,-23927914.882937048,0.0,1186506.7825131628,225533388.27662918,0.0,0.0,0.0,225813555.34675115,0.0,0.0,0.0,340224.20779933844,naca_wing,30.0,400.0,10100.0,1.0,400.0,7806.03
8230639.277079992,9.944112872552153e-09,2.0973584081825773,10638941.12619472,0.0,-1095786.3439480867,0.0,10839344.824239563,0.0,-1095786.3439480867,0.0,211086.38023192075,2663735.779080468,0.0,0.0,0.0,2713579.377501344,0.0,0.0,0.0,60526.280607954024,naca_wing,30.0,600.0,3900.0,1.0,600.0,840.2675
8230639.277079992,8.916703614921334e-09,1.6340385830945483,8288731.299166777,0.0,-853720.1643046108,0.0,8444864.544454053,0.0,-853720.1643046108,0.0,164456.05496850252,2075299.5869497557,0.0,0.0,0.0,2114132.4171528476,0.0,0.0,0.0,47155.63988431807,naca_wing,30.0,600.0,3900.0,1.0,600.0,570.76416
15330051.987681516,1.1804816258641731e-07,21.63302276940445,735645942.4793017,0.0,-19513300.517889906,0.0,736533982.8472651,0.0,-19513300.517889906,0.0,998231.3335713807,183949779.30256468,0.0,0.0,0.0,184147641.0495477,0.0,0.0,0.0,308052.7125910088,naca_wing,45.0,400.0,10100.0,1.0,400.0,7123.5728
2962620.215108996,1.5734009666996078e-09,0.49779196623085326,732317.1274052624,0.0,-93360.23361994179,0.0,753456.5292071457,0.0,-93360.23361994179,0.0,22266.273428817258,183501.4846357467,0.0,0.0,0.0,188759.17217455708,0.0,0.0,0.0,6384.5591657444165,naca_wing,30.0,400.0,2100.0,1.0,400.0,285.48038
4057992.5120245074,1.095128977001061e-08,0.480277898789744,579157.5049750224,0.0,-122246.58874924084,0.0,625048.6935575744,0.0,-122246.58874924084,0.0,48337.41527150088,145706.70131727835,0.0,0.0,0.0,157120.55513723043,0.0,0.0,0.0,13860.080508900955,naca_wing,30.0,600.0,1900.0,1.0,600.0,315.89804
25070516.619843785,2.7654174116601843e-07,24.68929199194609,839768972.3447595,0.0,-33405045.105603952,0.0,841939384.6126212,0.0,-33405045.105603952,0.0,2673429.1194466166,210130303.32015455,0.0,0.0,0.0,210528433.9709483,0.0,0.0,0.0,901147.5023786718,naca_wing,60.0,600.0,10100.0,1.0,600.0,9999.43
13811499.369218757,2.3390354519150712e-08,22.202313557081474,725366207.6258554,0.0,-19629289.14380376,0.0,726308958.7788123,0.0,-19629289.14380376,0.0,993014.5818194643,181354019.69346645,0.0,0.0,0.0,181588498.12599862,0.0,0.0,0.0,284741.86139479076,naca_wing,30.0,400.0,9900.0,1.0,400.0,6143.515
6144315.71139428,6.191268215701262e-09,1.279970834385542,3591442.9981716126,0.0,-497264.95811841753,0.0,3713745.5451132725,0.0,-497264.95811841753,0.0,128821.91136170297,900304.3188760101,0.0,0.0,0.0,930722.9207519947,0.0,0.0,0.0,36937.96629602749,naca_wing,30.0,600.0,2900.0,1.0,600.0,669.4423
15027727.165890418,1.8594978501286212e-07,25.338878438223198,827881187.8689954,0.0,-22403447.89569453,0.0,828921355.0622247,0.0,-22403447.89569453,0.0,1169234.4456153174,207015318.9364315,0.0,0.0,0.0,207247075.64564106,0.0,0.0,0.0,360823.9615955947,naca_wing,45.0,400.0,9900.0,1.0,400.0,9437.518
23042078.254342575,7.812188047651978e-08,24.226749846386355,823927640.3275163,0.0,-32780360.315727625,0.0,826165458.5829139,0.0,-32780360.315727625,0.0,2515464.4772851095,206084952.37004846,0.0,0.0,0.0,206583570.59383076,0.0,0.0,0.0,776264.445669776,naca_wing,45.0,600.0,10100.0,1.0,600.0,8280.436
16343421.015924644,2.9337616571189522e-08,20.884714436877875,682396229.7937211,0.0,-18464864.14757878,0.0,683212170.1140835,0.0,-18464864.14757878,0.0,1005057.1208401868,170668514.30412138,0.0,0.0,0.0,170818179.96773127,0.0,0.0,0.0,338782.4640877532,naca_wing,60.0,400.0,9900.0,1.0,400.0,8203.074
1571738.193668521,4.634413374838743e-10,0.19163738788144438,77510.63861007993,0.0,-18826.488461952296,0.0,85648.83601284628,0.0,-18826.488461952296,0.0,8572.012030429156,19540.32877594301,0.0,0.0,0.0,21564.419339844295,0.0,0.0,0.0,2457.9051915640957,naca_wing,30.0,400.0,1100.0,1.0,400.0,210.42249
1971669.4232658644,3.4562624710608664e-09,0.07939781683865198,21639.60939348469,0.0,-9572.856532994765,0.0,29226.17415292692,0.0,-9572.856532994765,0.0,7990.965419375216,5561.551483657662,0.0,0.0,0.0,7448.44886316778,0.0,0.0,0.0,2291.298039443105,naca_wing,30.0,600.0,900.0,1.0,600.0,75.438156
22588590.946251713,5.375999064812028e-07,22.73507171335675,742883828.3128139,0.0,-30152884.22675548,0.0,744983862.1075324,0.0,-30152884.22675548,0.0,2360584.834116163,185817733.65629014,0.0,0.0,0.0,186285651.55683866,0.0,0.0,0.0,728468.9399461672,naca_wing,45.0,600.0,9900.0,1.0,600.0,7781.4927
22588590.946251713,2.4055220955544297e-08,16.78522061689503,548468423.9473236,0.0,-22261764.570746448,0.0,550018871.24706,0.0,-22261764.570746448,0.0,1742811.182876458,137188555.78185317,0.0,0.0,0.0,137534017.863096,0.0,0.0,0.0,537825.9643829706,naca_wing,45.0,600.0,9900.0,1.0,600.0,4863.0854
1571738.193668521,2.2837047165556672e-10,0.15935204902948796,64452.34523725385,0.0,-15654.77147026275,0.0,71219.49253493857,0.0,-15654.77147026275,0.0,7127.87674918298,16248.35040583374,0.0,0.0,0.0,17931.44044554176,0.0,0.0,0.0,2043.8194912062822,naca_wing,30.0,400.0,1100.0,1.0,400.0,158.1094
1971669.4232658644,3.4562624710608664e-09,0.07939781683865198,21639.60939348469,0.0,-9572.856532994765,0.0,29226.17415292692,0.0,-9572.856532994765,0.0,7990.965419375216,5561.551483657662,0.0,0.0,0.0,7448.44886316778,0.0,0.0,0.0,2291.298039443105,naca_wing,30.0,600.0,900.0,1.0,600.0,75.438156
21165836.89028788,3.7618592356211887e-07,15.908882882291119,540990340.1480867,0.0,-21524268.720759686,0.0,542510293.9680507,0.0,-21524268.720759686,0.0,1600988.3977264473,135274054.4424573,0.0,0.0,0.0,135652091.7057377,0.0,0.0,0.0,459071.8410427444,naca_wing,30.0,600.0,10100.0,1.0,600.0,3447.755
16575928.38705203,2.176649741703918e-08,10.329588676794152,214914593.10035837,0.0,-10931564.786043568,0.0,215901516.3216751,0.0,-10931564.786043568,0.0,1039537.9231642266,53747185.77067754,0.0,0.0,0.0,53992649.47079577,0.0,0.0,0.0,298078.4019657331,naca_wing,30.0,600.0,7900.0,1.0,600.0,2758.3208
22588590.946251713,6.375490183838034e-08,23.665583199968548,773288919.8022376,0.0,-31386995.360479683,0.0,775474904.7473592,0.0,-31386995.360479683,0.0,2457199.9374666503,193422967.44500828,0.0,0.0,0.0,193910036.50490835,0.0,0.0,0.0,758284.0522451798,naca_wing,45.0,600.0,9900.0,1.0,600.0,8280.436
4057992.5120245074,6.44753981575397e-10,0.4498955899995656,542520.0869330073,0.0,-114513.28763901973,0.0,585508.2057183089,0.0,-114513.28763901973,0.0,45279.59753598034,136489.31695839934,0.0,0.0,0.0,147181.13207509735,0.0,0.0,0.0,12983.29386737677,naca_wing,30.0,600.0,1900.0,1.0,600.0,285.48038
1293561.765939304,1.321495145602383e-09,0.11798139180779027,31988.512498510954,0.0,-9483.148501797294,0.0,36998.78757140667,0.0,-9483.148501797294,0.0,5277.352543372891,8097.280657433418,0.0,0.0,0.0,9343.408862333888,0.0,0.0,0.0,1513.2056753776476,naca_wing,30.0,400.0,900.0,1.0,400.0,142.86172
12820544.344803806,3.3715347955471954e-07,6.336944759675304,78614981.92876194,0.0,-5178300.507600085,0.0,79220449.10040368,0.0,-5178300.507600085,0.0,637744.6128594321,19665553.30188246,0.0,0.0,0.0,19816142.508264583,0.0,0.0,0.0,182866.64759982628,naca_wing,30.0,600.0,6100.0,1.0,600.0,2068.9014
6144315.71139428,3.346382586497966e-09,0.9591517853762067,2691263.637602217,0.0,-372627.68773420446,0.0,2782911.5901209665,0.0,-372627.68773420446,0.0,96533.26697671863,674647.0088487425,0.0,0.0,0.0,697441.3222144877,0.0,0.0,0.0,27679.627823714305,naca_wing,30.0,600.0,2900.0,1.0,600.0,428.11978
23042078.254342575,1.8709623414111627e-07,25.49510198585693,867063033.7254971,0.0,-34496522.83867005,0.0,869418009.3210241,0.0,-34496522.83867005,0.0,2647157.5344123202,216874195.33118114,0.0,0.0,0.0,217398917.90222105,0.0,0.0,0.0,816904.5099253226,naca_wing,45.0,600.0,10100.0,1.0,600.0,8961.657
23042078.254342575,3.088217211254067e-08,21.98424484129028,747662277.9084195,0.0,-29746105.925725877,0.0,749692956.5899972,0.0,-29746105.925725877,0.0,2282625.08627226,187009073.84341434,0.0,0.0,0.0,187461538.3788334,0.0,0.0,0.0,704410.9401137157,naca_wing,45.0,600.0,10100.0,1.0,600.0,7123.5728
2405220.8974164505,1.4397840213176134e-10,0.10249461834444736,28717.643363237738,0.0,-12357.395197285696,0.0,37727.92720480384,0.0,-12357.395197285696,0.0,11098.47968816883,7962.483148487142,0.0,0.0,0.0,9615.309158753415,0.0,0.0,0.0,3741.021856868998,naca_wing,60.0,600.0,900.0,1.0,600.0,164.48332
16993192.192421243,9.132114122826878e-08,7.724241790186017,168947519.24375853,0.0,-8381317.968605152,0.0,169685516.32884598,0.0,-8381317.968605152,0.0,777341.3030988721,42250643.280232325,0.0,0.0,0.0,42434195.03778788,0.0,0.0,0.0,222895.97556698954,naca_wing,30.0,600.0,8100.0,1.0,600.0,1680.2305
14089673.792596055,3.574613838380996e-08,13.604743276025404,462616683.7328964,0.0,-12271104.3926006,0.0,463194368.05066556,0.0,-12271104.3926006,0.0,608483.800697996,115661718.3360583,0.0,0.0,0.0,115805398.19206145,0.0,0.0,0.0,174479.3389319792,naca_wing,30.0,400.0,10100.0,1.0,400.0,2773.9487
15027727.165890418,1.161924365477859e-07,24.506679166260767,800691266.1249974,0.0,-21667656.33042458,0.0,801697271.3333924,0.0,-21667656.33042458,0.0,1130833.533090055,200216359.85369286,0.0,0.0,0.0,200440505.02772155,0.0,0.0,0.0,348973.4987237459,naca_wing,45.0,400.0,9900.0,1.0,400.0,8961.657
12420615.489901124,3.5340516008118344e-08,10.95961637825948,289379282.3850042,0.0,-8710749.265865192,0.0,289844645.7980175,0.0,-8710749.265865192,0.0,490174.7678038004,72351479.05452079,0.0,0.0,0.0,72467222.96437195,0.0,0.0,0.0,140555.26464167543,naca_wing,30.0,400.0,8900.0,1.0,400.0,2496.5935
14089673.792596055,1.2443084638799454e-07,23.126103218102653,786381702.4226025,0.0,-20859109.284589224,0.0,787363682.522422,0.0,-20859109.284589224,0.0,1034334.7828020406,196608255.10293946,0.0,0.0,0.0,196852490.15485305,0.0,0.0,0.0,296589.73489620246,naca_wing,30.0,400.0,10100.0,1.0,400.0,6310.6987
18662246.530940816,8.822141060470938e-08,18.607181926126554,491334367.96853346,0.0,-22183959.225036476,0.0,493112129.7404812,0.0,-22183959.225036476,0.0,1872540.0853259645,122865647.87641227,0.0,0.0,0.0,123307806.3255731,0.0,0.0,0.0,536936.7625390445,naca_wing,30.0,600.0,8900.0,1.0,600.0,5529.3516
1971669.4232658644,1.9589491904948392e-10,0.0819193102108382,22326.8339776726,0.0,-9876.868598589563,0.0,30154.33071132098,0.0,-9876.868598589563,0.0,8244.740235164798,5738.173659977862,0.0,0.0,0.0,7684.994591871025,0.0,0.0,0.0,2364.0644334095764,naca_wing,30.0,600.0,900.0,1.0,600.0,79.18212
1890192.0337160192,2.4283426011806344e-09,0.10269448062928813,41885.05539249469,0.0,-10088.486213875947,0.0,45897.30186299265,0.0,-10088.486213875947,0.0,4942.155211386921,10819.975002135045,0.0,0.0,0.0,11555.952658625709,0.0,0.0,0.0,1665.8863973796197,naca_wing,60.0,400.0,1100.0,1.0,400.0,117.50543
10316959.941562042,9.485767037646301e-08,4.3583248099199965,34892131.02220672,0.0,-2860886.8998153834,0.0,35308564.7017522,0.0,-2860886.8998153834,0.0,438632.54222735256,8731286.350661948,0.0,0.0,0.0,8834860.336405652,0.0,0.0,0.0,125772.8484255782,naca_wing,30.0,600.0,4900.0,1.0,600.0,1724.2028
20748572.135792468,7.573896301256794e-08,17.438308045253645,569748442.5424584,0.0,-23126341.849623885,0.0,571414519.910895,0.0,-23126341.849623885,0.0,1754902.3219499954,142466299.6636308,0.0,0.0,0.0,142880680.24047622,0.0,0.0,0.0,503205.5303587397,naca_wing,30.0,600.0,9900.0,1.0,600.0,4121.618
8526145.507051188,1.1649764235072924e-08,5.419077827596237,67220138.91191784,0.0,-2952108.0048620687,0.0,67450248.85292418,0.0,-2952108.0048620687,0.0,242377.8690293143,16809167.42070383,0.0,0.0,0.0,16866399.485831715,0.0,0.0,0.0,69499.99315085384,naca_wing,30.0,400.0,6100.0,1.0,400.0,1664.5382
20748572.135792468,1.5095058527610978e-07,19.228925765795505,628251919.7617022,0.0,-25501023.9242714,0.0,630089074.9464025,0.0,-25501023.9242714,0.0,1935100.9505869634,157095166.18529758,0.0,0.0,0.0,157552096.6013832,0.0,0.0,0.0,554876.1819722297,naca_wing,30.0,600.0,9900.0,1.0,600.0,4795.5327
23042078.254342575,5.4833574215378e-08,25.506731315970498,867458535.6636366,0.0,-34512258.07487673,0.0,869814585.4572045,0.0,-34512258.07487673,0.0,2648365.008257586,216973120.27809912,0.0,0.0,0.0,217498082.19597515,0.0,0.0,0.0,817277.132565642,naca_wing,45.0,600.0,10100.0,1.0,600.0,8967.991
16575928.38705203,1.0537303251352455e-08,7.501242263674384,156068792.21304327,0.0,-7938391.193192594,0.0,156785485.8211222,0.0,-7938391.193192594,0.0,754901.8695632991,39030659.79406361,0.0,0.0,0.0,39208913.03716335,0.0,0.0,0.0,216461.50458411308,naca_wing,30.0,600.0,7900.0,1.0,600.0,1680.2305
20748572.135792468,6.184651476786629e-08,22.957196994473577,750062861.5344245,0.0,-30445384.049048185,0.0,752256220.3313891,0.0,-30445384.049048185,0.0,2310295.139099267,187554142.17733553,0.0,0.0,0.0,188099666.2332609,0.0,0.0,0.0,662460.398060144,naca_wing,30.0,600.0,9900.0,1.0,600.0,6310.6987
16343421.015924644,4.688753888844089e-08,21.810503393360374,712645860.2302657,0.0,-19283384.667092934,0.0,713497969.9959909,0.0,-19283384.667092934,0.0,1049609.8383753106,178234000.8344535,0.0,0.0,0.0,178390300.95882913,0.0,0.0,0.0,353800.1970258941,naca_wing,60.0,400.0,9900.0,1.0,400.0,8773.263
15330051.987681516,6.396931217546206e-08,26.45191720797841,899515789.9232147,0.0,-23860013.242515337,0.0,900601646.9733877,0.0,-23860013.242515337,0.0,1220593.759434524,224925771.32674533,0.0,0.0,0.0,225167708.0456963,0.0,0.0,0.0,376673.4282124948,naca_wing,45.0,400.0,10100.0,1.0,400.0,9727.791
2388934.3205720372,3.2756324361934466e-10,0.1036343275219053,42063.09954385224,0.0,-15271.679688864793,0.0,51965.49522713479,0.0,-15271.679688864793,0.0,10430.241520871876,10713.715468475884,0.0,0.0,0.0,13176.596552092884,0.0,0.0,0.0,2990.726921206321,naca_wing,30.0,600.0,1100.0,1.0,600.0,79.18212
20748572.135792468,4.7529302777158855e-07,24.56682858167555,802653117.8537631,0.0,-32580045.866065312,0.0,805000262.8295242,0.0,-32580045.866065312,0.0,2472280.246974089,200704400.53125745,0.0,0.0,0.0,201288173.71455705,0.0,0.0,0.0,708908.4545125361,naca_wing,30.0,600.0,9900.0,1.0,600.0,7009.288
8526145.507051188,1.3405324289907643e-08,6.235705218176979,77349871.01404266,0.0,-3396975.62504024,0.0,77614657.34956649,0.0,-3396975.62504024,0.0,278902.9777317534,19342223.22195128,0.0,0.0,0.0,19408079.867402583,0.0,0.0,0.0,79973.28765921798,naca_wing,30.0,400.0,6100.0,1.0,400.0,2068.9014
14089673.792596055,2.0345982414782762e-07,25.917844887479003,881312289.9921416,0.0,-23377183.51554219,0.0,882412812.9669672,0.0,-23377183.51554219,0.0,1159197.8211618036,220342450.74920812,0.0,0.0,0.0,220616169.41818935,0.0,0.0,0.0,332393.515317405,naca_wing,30.0,400.0,10100.0,1.0,400.0,7529.4385
13811499.369218757,1.1192294009160977e-07,23.606180106582606,771231578.9262997,0.0,-20870461.70668212,0.0,772233940.8403034,0.0,-20870461.70668212,0.0,1055803.5317637625,192821150.86475924,0.0,0.0,0.0,193070455.51921487,0.0,0.0,0.0,302746.2722156322,naca_wing,30.0,400.0,9900.0,1.0,400.0,6755.711
15330051.987681516,1.2547143832979657e-07,25.9397228508462,882098265.5854692,0.0,-23398006.498435926,0.0,883163096.9440305,0.0,-23398006.498435926,0.0,1196959.1309492744,220570483.58176407,0.0,0.0,0.0,220807735.6262071,0.0,0.0,0.0,369379.81683093886,naca_wing,45.0,400.0,10100.0,1.0,400.0,9437.518
11307911.246241726,3.308284733998481e-08,10.466737960909311,228916972.49516517,0.0,-7571290.601321027,0.0,229361413.84574768,0.0,-7571290.601321027,0.0,468136.6568462972,57236303.0913503,0.0,0.0,0.0,57346842.893385045,0.0,0.0,0.0,134235.1082985238,naca_wing,30.0,400.0,8100.0,1.0,400.0,2758.3208
14089673.792596055,1.2542789659613072e-07,21.216176639611678,721436419.590853,0.0,-19136408.021408,0.0,722337300.4291797,0.0,-19136408.021408,0.0,948911.6799947798,180370874.83915606,0.0,0.0,0.0,180594939.13369432,0.0,0.0,0.0,272095.1362064224,naca_wing,30.0,400.0,10100.0,1.0,400.0,5521.774
7135264.145140437,1.547441447064921e-08,3.263779657137843,28300459.03780733,0.0,-1486523.6777942998,0.0,28439051.091038853,0.0,-1486523.6777942998,0.0,145980.66020622046,7077731.8172685,0.0,0.0,0.0,7112201.877992647,0.0,0.0,0.0,41858.667698841535,naca_wing,30.0,400.0,5100.0,1.0,400.0,1050.2509
1293561.765939304,7.568799349498032e-10,0.08061056069192499,21856.090089245354,0.0,-6479.343107767885,0.0,25279.35096673087,0.0,-6479.343107767885,0.0,3605.741049260578,5532.45154913054,0.0,0.0,0.0,6383.866265908072,0.0,0.0,0.0,1033.894888552593,naca_wing,30.0,400.0,900.0,1.0,400.0,79.18212
5744382.807668356,1.1696145204394944e-07,2.198340831578538,12320462.252321953,0.0,-804943.0830297429,0.0,12413814.132980376,0.0,-804943.0830297429,0.0,98328.47084101081,3081934.907613151,0.0,0.0,0.0,3105152.951704156,0.0,0.0,0.0,28194.634273592983,naca_wing,30.0,400.0,4100.0,1.0,400.0,846.1857
14489600.91233958,9.445068622942037e-08,8.087021839348807,128360770.48223239,0.0,-7475010.722428394,0.0,129133437.874937,0.0,-7475010.722428394,0.0,813859.206488049,32104993.039383143,0.0,0.0,0.0,32297167.63690364,0.0,0.0,0.0,233366.41130393627,naca_wing,30.0,600.0,6900.0,1.0,600.0,2413.6084
10734224.476070281,1.224296472164393e-08,3.9692994505992525,34423835.40801915,0.0,-2711867.139295604,0.0,34803096.87413057,0.0,-2711867.139295604,0.0,399478.8879220669,8613465.730497526,0.0,0.0,0.0,8707794.30052586,0.0,0.0,0.0,114545.99183898013,naca_wing,30.0,600.0,5100.0,1.0,600.0,1387.1932
14089673.792596055,7.685471632413256e-08,18.41743477517764,626267796.8774403,0.0,-16612019.806973044,0.0,627049837.598628,0.0,-16612019.806973044,0.0,823735.5519127111,156577166.52347246,0.0,0.0,0.0,156771673.27179956,0.0,0.0,0.0,236201.57905211448,naca_wing,30.0,400.0,10100.0,1.0,400.0,4434.987
2405220.8974164505,3.911267276656516e-10,0.08249433020805538,23113.825805396023,0.0,-9946.034790728607,0.0,30365.88784046314,0.0,-9946.034790728607,0.0,8932.777769134409,6408.723938264805,0.0,0.0,0.0,7739.025732346808,0.0,0.0,0.0,3011.0175281492975,naca_wing,60.0,600.0,900.0,1.0,600.0,117.50543
22588590.946251713,2.7151877758387585e-07,22.965949181375066,750427905.5638151,0.0,-30459090.49922714,0.0,752549265.4617187,0.0,-30459090.49922714,0.0,2384556.8653643862,187704735.7471726,0.0,0.0,0.0,188177405.41193286,0.0,0.0,0.0,735866.6322211361,naca_wing,45.0,600.0,9900.0,1.0,600.0,7904.263
15027727.165890418,2.9413276817350473e-08,20.52395782842481,670566324.7169737,0.0,-18146320.91722484,0.0,671408838.2347047,0.0,-18146320.91722484,0.0,947055.2736521659,167678048.0259946,0.0,0.0,0.0,167865766.07902005,0.0,0.0,0.0,292259.8089464787,naca_wing,45.0,400.0,9900.0,1.0,400.0,6808.564
15330051.987681516,7.828583242324617e-08,24.27759376842126,825576413.3969684,0.0,-21898741.94208584,0.0,826573013.9891827,0.0,-21898741.94208584,0.0,1120262.0670112928,206437078.31780538,0.0,0.0,0.0,206659128.05938646,0.0,0.0,0.0,345711.2163780441,naca_wing,45.0,400.0,10100.0,1.0,400.0,8517.266
11029734.081679627,2.792052321197043e-08,8.833483925610457,183773957.8888687,0.0,-6232078.75754928,0.0,184149048.11585766,0.0,-6232078.75754928,0.0,395088.03985804843,45949524.93953156,0.0,0.0,0.0,46042816.03403601,0.0,0.0,0.0,113288.90737350743,naca_wing,30.0,400.0,7900.0,1.0,400.0,2219.2397
