weight,propeller_diameter,propeller_rpm_max,propeller_rpm_min,propeller_j_max,motor_max_current,motor_max_power,voltage,hover_omega_rpm,hover_thrust,hover_power,hover_current,hover_torque,flying_speed,flying_omega_rpm,flying_thrust,flying_power,flying_current,flying_torque,flying_j,hover_thrust_per_weight,hover_power_per_weight,hover_thrust_per_power,flying_thrust_per_weight,flying_power_per_weight,flying_thrust_per_power,motor_name,propeller_name
1.3310908,0.4572,12000.0,1000.0,1.06,149.47368,7742.1055,51.8,5355.08,32.71,1894.85,36.58,3.07,30.0,5395.24,20.63,987.92,19.07,1.56,0.72971874,24.57383,1423.5317,0.01726258,15.498567,742.1883,0.020882258,kde_direct_KDE10218XF_105,apc_propellers_18x14
1.303059,0.5207,11000.0,1000.0,0.89,149.47368,7742.1055,51.8,5253.03,61.02,4198.97,81.06,6.91,30.0,5377.7,29.33,1384.08,26.72,2.22,0.6428185,46.828274,3222.3945,0.014532135,22.508575,1062.1776,0.021190971,kde_direct_KDE10218XF_105,apc_propellers_20_5x14E
1.3710974,0.508,11000.0,1000.0,0.87,149.47368,7742.1055,51.8,5300.37,48.93,3129.98,60.42,5.13,30.0,5394.37,21.29,1007.58,19.45,1.59,0.6568528,35.68674,2282.8281,0.015632687,15.527707,734.87115,0.021129835,kde_direct_KDE10218XF_105,apc_propellers_20x12
1.2780207,0.508,11000.0,1000.0,0.86,149.47368,7742.1055,51.8,5289.44,56.79,3376.77,65.19,5.54,30.0,5393.33,21.67,1031.2,19.91,1.63,0.65697944,44.435898,2642.187,0.016817847,16.955906,806.8726,0.021014351,kde_direct_KDE10218XF_105,apc_propellers_20x13E
1.3799878,0.508,11000.0,1000.0,0.97,149.47368,7742.1055,51.8,5267.91,49.28,3862.81,74.57,6.35,30.0,5374.7,30.39,1451.79,28.03,2.33,0.6592567,35.71046,2799.1624,0.012757552,22.021933,1052.031,0.020932779,kde_direct_KDE10218XF_105,apc_propellers_20x14
1.3310908,0.508,11000.0,1000.0,1.02,149.47368,7742.1055,51.8,5237.68,50.98,4545.49,87.75,7.49,30.0,5364.82,34.81,1674.85,32.33,2.7,0.66047084,38.299416,3414.8608,0.011215513,26.151484,1258.2538,0.020783952,kde_direct_KDE10218XF_105,apc_propellers_20x15C
1.2979335,0.508,11000.0,1000.0,0.96,149.47368,7742.1055,51.8,5245.68,57.36,4364.85,84.26,7.19,30.0,5372.08,31.55,1510.91,29.17,2.43,0.65957826,44.19333,3362.9229,0.013141345,24.307873,1164.089,0.020881455,kde_direct_KDE10218XF_105,apc_propellers_20x15E
1.310135,0.5334,11000.0,1000.0,0.82,149.47368,7742.1055,51.8,5263.65,67.81,3959.07,76.43,6.51,30.0,5385.32,25.52,1212.07,23.4,1.93,0.62662536,51.758026,3021.8794,0.01712776,19.478909,925.1489,0.02105489,kde_direct_KDE10218XF_105,apc_propellers_21x13E
1.3080031,0.5334,11000.0,1000.0,0.82,149.47368,7742.1055,51.8,5281.96,73.08,3545.64,68.45,5.82,30.0,5382.31,26.85,1280.01,24.71,2.04,0.62697583,55.871426,2710.7275,0.02061123,20.527473,978.5986,0.020976398,kde_direct_KDE10218XF_105,apc_propellers_21x13WE
1.3159863,0.5588,10000.0,1000.0,0.75,149.47368,7742.1055,51.8,5294.34,79.78,3266.24,63.05,5.35,30.0,5388.46,23.75,1141.18,22.03,1.81,0.5977939,60.623734,2481.9712,0.024425639,18.0473,867.1671,0.02081179,kde_direct_KDE10218XF_105,apc_propellers_22x12E
1.3379854,0.5588,8000.0,1000.0,0.75,149.47368,7742.1055,51.8,5321.33,93.37,2656.83,51.29,4.34,30.0,5378.74,28.3,1360.62,26.27,2.18,0.59887415,69.78402,1985.6943,0.035143387,21.151203,1016.91693,0.02079934,kde_direct_KDE10218XF_105,apc_propellers_22x12WE
1.3440181,0.6096,9000.0,1000.0,0.7,149.47368,7742.1055,51.8,5294.22,110.14,3268.94,63.11,5.36,30.0,5368.31,32.97,1596.09,30.81,2.57,0.5500345,81.948296,2432.214,0.033692878,24.530918,1187.5509,0.02065673,kde_direct_KDE10218XF_105,apc_propellers_24x12E
1.4031209,0.635,9000.0,1000.0,0.7,149.47368,7742.1055,51.8,5279.41,129.77,3603.14,69.56,5.92,30.0,5343.47,44.84,2156.8,41.64,3.5,0.5304878,92.48669,2567.9468,0.03601581,31.95733,1537.1448,0.02079006,kde_direct_KDE10218XF_105,apc_propellers_25x12_5E
1.3890142,0.6604,8000.0,1000.0,0.69,149.47368,7742.1055,51.8,5258.95,148.63,4065.23,78.48,6.69,30.0,5320.4,55.22,2677.77,51.69,4.37,0.5122962,107.00394,2926.7014,0.036561277,39.75481,1927.8203,0.020621637,kde_direct_KDE10218XF_105,apc_propellers_26x13E
1.3940037,0.6604,7000.0,1000.0,0.78,149.47368,7742.1055,44.4,4472.29,110.34,3671.41,82.69,7.05,30.0,4562.82,40.69,1919.46,43.23,3.64,0.5973545,79.153305,2633.716,0.030053848,29.189304,1376.9403,0.021198671,kde_direct_KDE10218XF_105,apc_propellers_26x15E
1.3940037,0.6604,7000.0,1000.0,0.78,149.47368,7742.1055,51.8,5245.68,150.15,4364.85,84.26,7.19,30.0,5267.67,77.84,3868.35,74.68,6.36,0.51742435,107.711334,3131.161,0.034399807,55.83916,2774.9924,0.020122275,kde_direct_KDE10218XF_105,apc_propellers_26x15E
1.4120113,0.6858,8000.0,1000.0,0.68,149.47368,7742.1055,51.8,5226.86,170.33,4789.65,92.46,7.89,30.0,5298.69,64.77,3167.83,61.16,5.19,0.49534354,120.62935,3392.0762,0.035562098,45.87074,2243.4878,0.020446174,kde_direct_KDE10218XF_105,apc_propellers_27x13E
2.2710907,0.4572,12000.0,1000.0,1.06,157.89473,9615.789,51.8,5399.75,33.31,1567.77,30.27,3.18,30.0,5417.41,20.96,862.45,16.65,1.58,0.7267325,14.666961,690.31586,0.021246739,9.229045,379.75143,0.024302859,kde_direct_KDE13218XF_105,apc_propellers_18x14
2.243059,0.5207,11000.0,1000.0,0.89,157.89473,9615.789,51.8,5356.19,63.39,3307.8,63.86,7.14,30.0,5409.87,30.02,1163.52,22.46,2.26,0.63899595,28.260515,1474.6826,0.019163795,13.383509,518.7202,0.025801018,kde_direct_KDE13218XF_105,apc_propellers_20_5x14E
2.3110974,0.508,11000.0,1000.0,0.87,157.89473,9615.789,51.8,5375.38,50.42,2541.21,49.06,5.39,30.0,5416.97,21.74,879.9,16.99,1.62,0.6541124,21.816475,1099.5685,0.019840943,9.406786,380.7282,0.024707353,kde_direct_KDE13218XF_105,apc_propellers_20x12
2.218021,0.508,11000.0,1000.0,0.86,157.89473,9615.789,51.8,5371.79,58.58,2684.66,51.83,5.72,30.0,5416.51,22.16,898.56,17.35,1.66,0.65416795,26.410934,1210.3854,0.021820268,9.99089,405.11792,0.02466168,kde_direct_KDE13218XF_105,apc_propellers_20x13E
2.3199878,0.508,11000.0,1000.0,0.97,157.89473,9615.789,51.8,5360.23,51.18,3146.43,60.74,6.77,30.0,5408.56,31.21,1215.97,23.47,2.38,0.6551295,22.060461,1356.2269,0.016266054,13.452657,524.12775,0.025666751,kde_direct_KDE13218XF_105,apc_propellers_20x14
2.2710907,0.508,11000.0,1000.0,1.02,157.89473,9615.789,51.8,5346.04,53.32,3713.29,71.69,8.06,30.0,5404.35,35.74,1384.12,26.72,2.76,0.6556398,23.477705,1635.0249,0.014359234,15.736931,609.4516,0.02582146,kde_direct_KDE13218XF_105,apc_propellers_20x15C
2.2379334,0.508,11000.0,1000.0,0.96,157.89473,9615.789,51.8,5352.32,59.71,3462.61,66.85,7.49,30.0,5407.42,32.43,1261.65,24.36,2.48,0.6552676,26.680866,1547.2355,0.017244218,14.491048,563.7567,0.025704434,kde_direct_KDE13218XF_105,apc_propellers_20x15E
2.2671447,0.5334,11000.0,1000.0,0.77,157.89473,9615.789,51.8,5380.7,74.58,2328.94,44.96,4.91,30.0,5417.1,21.24,874.63,16.88,1.6,0.6229492,32.896004,1027.257,0.03202315,9.368613,385.78482,0.024284555,kde_direct_KDE13218XF_105,apc_propellers_21x12WE
2.250135,0.5334,11000.0,1000.0,0.82,157.89473,9615.789,51.8,5362.25,70.22,3065.8,59.19,6.59,30.0,5412.99,26.3,1039.0,20.06,1.98,0.6234222,31.207016,1362.4961,0.0229043,11.688188,461.7501,0.0253128,kde_direct_KDE13218XF_105,apc_propellers_21x13E
2.248003,0.5334,11000.0,1000.0,0.82,157.89473,9615.789,51.8,5370.46,75.39,2737.93,52.86,5.84,30.0,5411.75,27.59,1088.65,21.02,2.09,0.6235651,33.53643,1217.9387,0.027535401,12.273115,484.27423,0.025343316,kde_direct_KDE13218XF_105,apc_propellers_21x13WE
2.2559862,0.5588,10000.0,1000.0,0.75,157.89473,9615.789,51.8,5375.33,82.15,2543.23,49.1,5.4,30.0,5414.38,24.37,983.46,18.99,1.85,0.5949321,36.41423,1127.3251,0.032301445,10.802371,435.9335,0.024779858,kde_direct_KDE13218XF_105,apc_propellers_22x12E
2.2779853,0.5588,8000.0,1000.0,0.75,157.89473,9615.789,51.8,5386.22,95.7,2108.45,40.7,4.41,30.0,5410.19,29.16,1150.97,22.22,2.23,0.5953928,42.010803,925.5766,0.04538879,12.800784,505.25784,0.025335152,kde_direct_KDE13218XF_105,apc_propellers_22x12WE
2.284018,0.6096,9000.0,1000.0,0.7,157.89473,9615.789,51.8,5374.92,113.57,2559.74,49.42,5.44,30.0,5405.45,34.45,1340.27,25.87,2.66,0.54625535,49.723774,1120.7179,0.044367786,15.083068,586.8036,0.025703777,kde_direct_KDE13218XF_105,apc_propellers_24x12E
2.3431208,0.635,9000.0,1000.0,0.7,157.89473,9615.789,51.8,5367.69,134.29,2848.49,54.99,6.09,30.0,5394.74,46.84,1768.14,34.13,3.64,0.52544624,57.31245,1215.682,0.047144275,19.990433,754.60895,0.026491115,kde_direct_KDE13218XF_105,apc_propellers_25x12_5E
2.3290143,0.6604,8000.0,1000.0,0.69,157.89473,9615.789,44.4,4595.45,113.03,2278.54,51.32,5.66,30.0,4633.34,24.37,981.2,22.1,2.22,0.5882626,48.53126,978.32806,0.049606327,10.4636545,421.2941,0.024836935,kde_direct_KDE13218XF_105,apc_propellers_26x13E
2.3290143,0.6604,8000.0,1000.0,0.69,157.89473,9615.789,51.8,5358.18,154.46,3228.63,62.33,6.96,30.0,5384.43,58.1,2179.69,42.08,4.57,0.5062041,66.3199,1386.2645,0.047840726,24.946177,935.8852,0.026655167,kde_direct_KDE13218XF_105,apc_propellers_26x13E
2.3340037,0.6604,7000.0,1000.0,0.78,157.89473,9615.789,44.4,4580.76,115.48,2781.6,62.65,7.0,30.0,4615.71,43.03,1584.98,35.7,3.82,0.59050953,49.47721,1191.7719,0.041515674,18.43613,679.08203,0.027148608,kde_direct_KDE13218XF_105,apc_propellers_26x15E
2.3340037,0.6604,7000.0,1000.0,0.78,157.89473,9615.789,51.8,5352.22,156.36,3466.47,66.92,7.5,30.0,5360.61,83.16,3131.27,60.45,6.74,0.5084535,66.99218,1485.2032,0.045106404,35.62976,1341.5874,0.026557915,kde_direct_KDE13218XF_105,apc_propellers_26x15E
2.3520112,0.6858,8000.0,1000.0,0.68,157.89473,9615.789,44.4,4588.02,129.8,2532.99,57.05,6.34,30.0,4627.58,30.26,1178.52,26.54,2.74,0.5671802,55.18681,1076.9464,0.051243786,12.865584,501.06903,0.025676273,kde_direct_KDE13218XF_105,apc_propellers_27x13E
2.3520112,0.6858,8000.0,1000.0,0.68,157.89473,9615.789,51.8,5343.55,178.45,3812.79,73.61,8.29,30.0,5374.49,68.9,2576.88,49.75,5.48,0.4883574,75.87123,1621.0764,0.046802998,29.294077,1095.6069,0.02673776,kde_direct_KDE13218XF_105,apc_propellers_27x13E
0.38399702,0.2794,21000.0,1000.0,1.15,46.31579,2057.8948,51.8,10751.32,25.72,2048.48,39.55,1.61,30.0,10971.64,23.63,1348.41,26.03,1.05,0.5871845,66.97969,5334.625,0.012555651,61.536938,3511.5117,0.017524343,kde_direct_KDE5215XF_220,apc_propellers_11x10E
0.3869907,0.3048,16000.0,1000.0,1.25,46.31579,2057.8948,44.4,9088.61,24.63,1850.37,41.67,1.7,30.0,9254.17,24.26,1399.45,31.52,1.28,0.63814604,63.64494,4781.4326,0.0133108515,62.688843,3616.2368,0.017335381,kde_direct_KDE5215XF_220,apc_propellers_12x12E
0.38000542,0.3048,16000.0,1000.0,0.91,46.31579,2057.8948,51.8,10823.87,47.4,1817.95,35.1,1.43,30.0,11020.94,22.2,1191.78,23.01,0.93,0.5358447,124.73506,4784.0107,0.026073324,58.42022,3136.2185,0.018627599,kde_direct_KDE5215XF_220,apc_propellers_12x6SF
0.3719294,0.254,20000.0,2000.0,0.73,65.26316,1931.579,51.8,16580.81,48.3,1927.17,37.2,1.0,30.0,16729.66,23.67,1368.2,26.41,0.7,0.42359582,129.86334,5181.548,0.025062656,63.641106,3678.655,0.017300103,kde_direct_KDE5215XF_330,apc_propellers_10x3_8SF
0.4449823,0.3302,18000.0,1000.0,1.0,52.63158,2900.0,51.8,9026.0,32.14,2280.1,44.02,2.13,30.0,9278.19,24.0,1247.76,24.09,1.15,0.5875329,72.22759,5124.024,0.014095873,53.93473,2804.0667,0.019234467,kde_direct_KDE6213XF_185,apc_propellers_13x10E
0.48099735,0.3302,13000.0,1000.0,1.33,52.63158,2900.0,51.8,9202.24,41.24,1558.65,30.09,1.44,30.0,9017.54,39.06,2314.75,44.69,2.16,0.6045154,85.73852,3240.4546,0.026458794,81.20627,4812.3965,0.016874392,kde_direct_KDE6213XF_185,apc_propellers_13x14
0.45001715,0.3556,16000.0,1000.0,1.09,52.63158,2900.0,44.4,7658.81,29.33,1948.03,43.87,2.12,30.0,7863.77,23.92,1228.88,27.68,1.33,0.6436947,65.17529,4328.7905,0.015056237,53.15353,2730.7405,0.019464878,kde_direct_KDE6213XF_185,apc_propellers_14x12E
0.45999613,0.381,15000.0,1000.0,0.88,52.63158,2900.0,44.4,7570.14,37.33,2259.17,50.88,2.46,30.0,7916.81,20.97,1042.79,23.49,1.12,0.5967567,81.152855,4911.2803,0.016523767,45.58734,2266.9539,0.020109514,kde_direct_KDE6213XF_185,apc_propellers_15x10E
0.50998175,0.4064,13000.0,1000.0,0.65,52.63158,2900.0,51.8,9015.85,69.55,2321.67,44.82,2.17,30.0,9262.32,25.8,1312.71,25.34,1.21,0.4781884,136.37743,4552.457,0.029956885,50.590046,2574.0332,0.019653998,kde_direct_KDE6213XF_185,apc_propellers_16x7
0.47900155,0.4318,13000.0,1000.0,0.61,52.63158,2900.0,51.8,8947.19,75.36,2602.73,50.25,2.43,30.0,9242.17,27.39,1395.19,26.93,1.29,0.4510409,157.32726,5433.6567,0.028954213,57.181442,2912.7046,0.019631734,kde_direct_KDE6213XF_185,apc_propellers_17x7E
0.7071103,0.3556,15000.0,1000.0,0.74,60.0,3157.8948,51.8,10100.96,56.13,2870.61,55.42,2.39,30.0,10343.95,28.7,1524.14,29.42,1.22,0.48935536,79.37941,4059.6355,0.019553335,40.587727,2155.4487,0.018830292,kde_direct_KDE6815XF_205,apc_propellers_14x7
0.7071103,0.381,15000.0,1000.0,0.67,60.0,3157.8948,51.8,10130.68,70.73,2705.93,52.24,2.24,30.0,10323.81,30.76,1635.74,31.58,1.32,0.45762268,100.026825,3826.744,0.026138887,43.50099,2313.2742,0.018804945,kde_direct_KDE6815XF_205,apc_propellers_15x7
0.6739529,0.4064,13999.0,1000.0,0.58,60.0,3157.8948,51.8,10138.64,83.76,2661.84,51.39,2.21,30.0,10332.34,29.48,1588.48,30.67,1.28,0.42866707,124.281685,3949.5938,0.031466953,43.741932,2356.96,0.018558621,kde_direct_KDE6815XF_205,apc_propellers_16x5_5MR
0.7198562,0.4064,13999.0,1000.0,0.59,60.0,3157.8948,51.8,10141.43,82.29,2646.35,51.09,2.19,30.0,10333.48,29.15,1582.15,30.54,1.27,0.42861977,114.3145,3676.2205,0.03109566,40.4942,2197.8696,0.018424297,kde_direct_KDE6815XF_205,apc_propellers_16x6
0.7249817,0.4064,13000.0,1000.0,0.65,60.0,3157.8948,51.8,10074.56,88.41,3016.93,58.24,2.51,30.0,10225.02,40.87,2183.15,42.15,1.79,0.43316627,121.9479,4161.3877,0.029304624,56.373833,3011.3171,0.018720657,kde_direct_KDE6815XF_205,apc_propellers_16x7
0.7309238,0.4064,13999.0,1000.0,0.71,60.0,3157.8948,44.4,8545.86,65.87,2641.49,59.49,2.57,30.0,8795.45,27.88,1456.01,32.79,1.37,0.50357103,90.118835,3613.9062,0.024936683,38.143513,1992.0134,0.01914822,kde_direct_KDE6815XF_205,apc_propellers_16x8
0.71192944,0.254,20000.0,2000.0,0.73,142.10527,7363.1577,44.4,19840.91,74.72,3709.06,83.54,1.62,30.0,19915.2,43.6,2945.94,66.35,1.28,0.35583946,104.95422,5209.8706,0.020145265,61.242027,4137.9663,0.01480003,kde_direct_KDE700XF_455_G3,apc_propellers_10x3_8SF
0.71192944,0.254,20000.0,2000.0,0.82,142.10527,7363.1577,44.4,19794.96,78.57,4181.03,94.17,1.83,30.0,19838.19,53.83,3737.01,84.17,1.63,0.3572208,110.36206,5872.8154,0.01879202,75.61143,5249.13,0.014404564,kde_direct_KDE700XF_455_G3,apc_propellers_10x4_7SF
0.72807723,0.254,23000.0,1000.0,0.71,142.10527,7363.1577,44.4,19703.4,61.18,5121.53,115.35,2.26,30.0,19917.79,44.54,2919.33,65.75,1.27,0.3557932,84.02955,7034.3228,0.011945649,61.17483,4009.6433,0.0152569255,kde_direct_KDE700XF_455_G3,apc_propellers_10x5
0.7170096,0.2794,22000.0,2000.0,0.67,142.10527,7363.1577,44.4,19716.8,87.79,4983.93,112.25,2.19,30.0,19807.25,59.67,4054.78,91.32,1.78,0.32525346,122.43908,6950.9946,0.017614614,83.22064,5655.1265,0.014715965,kde_direct_KDE700XF_455_G3,apc_propellers_11x4_5MR
0.7170096,0.2794,21000.0,2000.0,0.76,142.10527,7363.1577,44.4,19613.06,88.12,6049.47,136.25,2.67,30.0,19676.07,75.48,5402.25,121.67,2.38,0.3274219,122.89933,8437.083,0.014566565,105.27055,7534.4175,0.013971956,kde_direct_KDE700XF_455_G3,apc_propellers_11x5_5MR
0.7299823,0.3302,18000.0,1000.0,1.0,142.10527,7363.1577,22.2,9522.45,36.15,2971.37,133.85,2.62,30.0,9798.04,28.94,1555.99,70.09,1.35,0.5563604,49.521748,4070.4685,0.012166105,39.6448,2131.545,0.018599091,kde_direct_KDE700XF_455_G3,apc_propellers_13x10E
0.76599735,0.3302,13000.0,1000.0,1.33,142.10527,7363.1577,22.2,9737.81,46.23,1865.34,84.02,1.63,30.0,9567.24,44.92,2741.32,123.48,2.42,0.5697821,60.352688,2435.1782,0.024783686,58.6425,3578.759,0.016386267,kde_direct_KDE700XF_455_G3,apc_propellers_13x14
0.76599735,0.3302,13000.0,1000.0,1.33,142.10527,7363.1577,22.8,9990.81,48.69,2021.24,88.65,1.72,30.0,9814.74,47.6,2949.96,129.38,2.54,0.5554138,63.56419,2638.7036,0.024089172,62.14121,3851.136,0.016135812,kde_direct_KDE700XF_455_G3,apc_propellers_13x14
0.74499613,0.381,15000.0,1000.0,0.66,142.10527,7363.1577,22.2,9589.9,56.81,2624.97,118.24,2.31,30.0,9878.41,22.6,1143.22,51.5,0.98,0.47825605,76.25543,3523.468,0.021642152,30.335728,1534.5315,0.019768724,kde_direct_KDE700XF_455_G3,apc_propellers_15x7E
0.7949817,0.4064,13000.0,1000.0,0.65,142.10527,7363.1577,22.8,9840.32,83.92,2815.03,123.47,2.42,30.0,10004.69,37.35,1948.03,85.44,1.66,0.44270575,105.56217,3540.9995,0.029811405,46.982212,2450.4084,0.019173216,kde_direct_KDE700XF_455_G3,apc_propellers_16x7
0.80092376,0.4064,13999.0,1000.0,0.71,142.10527,7363.1577,22.2,9501.46,81.41,3079.2,138.7,2.72,30.0,9671.36,41.37,2206.59,99.4,1.94,0.4579639,101.64513,3844.5605,0.026438685,51.652855,2755.0562,0.018748386,kde_direct_KDE700XF_455_G3,apc_propellers_16x8
0.7110676,0.2286,26000.0,3000.0,0.76,142.10527,7363.1577,51.8,23041.16,59.21,6325.52,122.11,2.39,30.0,23304.46,46.26,3170.22,61.2,1.17,0.3378759,83.26916,8895.807,0.009360495,65.057106,4458.3945,0.014592047,kde_direct_KDE700XF_455_G3,apc_propellers_9x4_5MR
0.7090718,0.2286,21000.0,2000.0,1.04,142.10527,7363.1577,44.4,19815.65,52.94,3968.51,89.38,1.74,30.0,19869.66,47.39,3413.72,76.89,1.49,0.39628336,74.66099,5596.7676,0.01334002,66.833855,4814.35,0.013882216,kde_direct_KDE700XF_455_G3,apc_propellers_9x6SF
0.70993364,0.2286,21000.0,2000.0,1.21,142.10527,7363.1577,44.4,19708.22,53.17,5072.01,114.23,2.23,30.0,19760.76,53.03,4532.34,102.08,1.99,0.39846724,74.894325,7144.3438,0.010483024,74.69712,6384.1743,0.011700358,kde_direct_KDE700XF_455_G3,apc_propellers_9x7_5SF
0.590073,0.254,24000.0,1000.0,0.61,132.63158,5889.4736,44.4,23188.94,77.02,5484.74,123.53,2.05,30.0,23250.66,55.27,4885.65,110.04,1.82,0.30479196,130.52621,9295.02,0.014042598,93.666374,8279.738,0.011312722,kde_direct_KDE700XF_535_G3,apc_propellers_10x4
0.5790054,0.3048,16000.0,1000.0,0.91,132.63158,5889.4736,22.8,11760.23,56.03,2182.05,95.7,1.58,30.0,11871.55,28.88,1627.16,71.37,1.16,0.49745077,96.76939,3768.6177,0.025677688,49.878635,2810.2673,0.017748715,kde_direct_KDE700XF_535_G3,apc_propellers_12x6SF
0.5790054,0.3048,15000.0,1000.0,1.07,132.63158,5889.4736,22.8,11660.37,56.81,2679.8,117.53,1.94,30.0,11687.72,41.87,2543.46,111.56,1.84,0.50527495,98.11652,4628.2812,0.021199344,72.31366,4392.8086,0.016461827,kde_direct_KDE700XF_535_G3,apc_propellers_12x8SF
0.590073,0.3556,17000.0,3000.0,0.63,132.63158,5889.4736,22.8,11662.9,69.96,2667.16,116.98,1.94,30.0,11874.42,30.18,1612.84,70.74,1.15,0.42628333,118.5616,4520.051,0.026230147,51.146214,2733.2888,0.018712334,kde_direct_KDE700XF_535_G3,apc_propellers_14x5_5MR
0.6312136,0.3556,16000.0,1000.0,0.67,132.63158,5889.4736,22.2,11329.76,67.3,2655.91,119.64,1.98,30.0,11522.35,32.49,1721.23,77.53,1.27,0.43930858,106.62,4207.6245,0.025339713,51.47227,2726.8582,0.018876037,kde_direct_KDE700XF_535_G3,apc_propellers_14x6
0.59701294,0.3556,17000.0,1000.0,0.62,132.63158,5889.4736,22.2,11348.55,58.61,2564.71,115.53,1.91,30.0,11615.88,24.28,1267.3,57.09,0.92,0.43577132,98.17207,4295.9033,0.022852486,40.669136,2122.7346,0.019158842,kde_direct_KDE700XF_535_G3,apc_propellers_14x6E
0.57796216,0.2286,26000.0,1000.0,0.7,132.63158,5889.4736,44.4,23180.82,60.99,5563.57,125.31,2.08,30.0,23434.78,43.79,3098.48,69.79,1.14,0.335997,105.52594,9626.184,0.010962386,75.766205,5361.043,0.014132736,kde_direct_KDE700XF_535_G3,apc_propellers_9x4_5E
0.4969814,0.4064,13999.0,1000.0,0.97,61.05263,2257.8948,51.8,6396.33,34.72,2132.68,41.17,2.74,30.0,6704.52,21.14,1031.12,19.91,1.31,0.6606191,69.86177,4291.267,0.016279986,42.5368,2074.7656,0.020501979,kde_direct_KDE7208XF_135,apc_propellers_16x12E
0.59609085,0.4572,12000.0,1000.0,1.06,61.05263,2257.8948,44.4,5336.11,32.45,2015.59,45.4,3.02,30.0,5607.78,23.94,1183.25,26.65,1.76,0.7020618,54.43801,3381.3472,0.016099505,40.161663,1985.0162,0.020232411,kde_direct_KDE7208XF_135,apc_propellers_18x14
0.74491537,0.3937,13000.0,1000.0,1.01,89.47369,4636.8423,51.8,6426.32,39.05,3092.98,59.71,3.98,30.0,6782.54,23.39,1148.7,22.18,1.45,0.6740851,52.422062,4152.1226,0.012625365,31.39954,1542.0543,0.020362148,kde_direct_KDE7215XF_135,apc_propellers_15_5x12W
0.69198143,0.4064,13999.0,1000.0,0.97,89.47369,4636.8423,51.8,6562.27,36.7,2350.98,45.39,3.01,30.0,6795.19,22.22,1079.67,20.84,1.36,0.65180427,53.036106,3397.4612,0.015610511,32.110687,1560.2587,0.020580363,kde_direct_KDE7215XF_135,apc_propellers_16x12E
0.74405354,0.4064,13000.0,1000.0,1.24,89.47369,4636.8423,51.8,6154.62,39.41,4575.97,88.34,5.9,30.0,6596.49,38.35,2164.18,41.78,2.77,0.671438,52.966618,6150.0547,0.008612381,51.54199,2908.6348,0.017720338,kde_direct_KDE7215XF_135,apc_propellers_16x16
0.7381115,0.4318,13000.0,1000.0,0.86,89.47369,4636.8423,51.8,6423.87,43.27,3106.34,59.97,3.99,30.0,6797.55,22.18,1066.78,20.59,1.35,0.61324984,58.622578,4208.497,0.013929577,30.04966,1445.283,0.020791542,kde_direct_KDE7215XF_135,apc_propellers_17x10N
0.7599292,0.4318,11000.0,1000.0,0.93,89.47369,4636.8423,51.8,6267.33,49.67,3960.78,76.46,5.1,30.0,6717.42,30.21,1504.16,29.04,1.91,0.6205651,65.36135,5212.038,0.01254046,39.753704,1979.3423,0.0200843,kde_direct_KDE7215XF_135,apc_propellers_17x12
0.7080385,0.4318,13000.0,1000.0,0.93,89.47369,4636.8423,51.8,6413.64,44.45,3162.2,61.05,4.06,30.0,6749.98,27.14,1326.42,25.61,1.68,0.6175717,62.77907,4466.141,0.01405667,38.33125,1873.3727,0.02046109,kde_direct_KDE7215XF_135,apc_propellers_17x12E
0.77294725,0.4318,11000.0,1000.0,0.93,89.47369,4636.8423,51.8,6338.24,53.11,3573.75,68.99,4.6,30.0,6705.35,31.36,1570.02,30.31,2.0,0.62168217,68.71103,4623.5366,0.01486114,40.57198,2031.2124,0.019974267,kde_direct_KDE7215XF_135,apc_propellers_17x12W
0.7579334,0.4318,13000.0,1000.0,1.0,89.47369,4636.8423,51.8,6152.77,48.88,4586.02,88.53,5.91,30.0,6666.16,35.08,1783.94,34.44,2.28,0.625337,64.49116,6050.69,0.010658479,46.28375,2353.6897,0.019664338,kde_direct_KDE7215XF_135,apc_propellers_17x13
0.77294725,0.45974,11000.0,1000.0,0.74,89.47369,4636.8423,51.8,6568.04,64.58,2319.49,44.78,2.97,30.0,6798.24,21.83,1063.01,20.52,1.34,0.5759221,83.55034,3000.8389,0.027842328,28.24255,1375.2686,0.020536026,kde_direct_KDE7215XF_135,apc_propellers_18_1x10
0.7650094,0.45974,12000.0,1000.0,0.85,89.47369,4636.8423,51.8,6351.16,60.82,3503.22,67.63,4.51,30.0,6692.14,33.01,1642.13,31.7,2.09,0.58505297,79.50229,4579.3164,0.01736117,43.149796,2146.5488,0.02010194,kde_direct_KDE7215XF_135,apc_propellers_18_1x12
0.77294725,0.4572,12000.0,1000.0,0.81,89.47369,4636.8423,51.8,6444.91,46.8,2991.54,57.75,3.84,30.0,6783.68,23.61,1142.49,22.06,1.45,0.58036464,60.54747,3870.303,0.015644116,30.545424,1478.0957,0.020665389,kde_direct_KDE7215XF_135,apc_propellers_18x10
0.71298265,0.4572,13000.0,1000.0,0.76,89.47369,4636.8423,51.8,6463.89,54.91,2887.92,55.75,3.71,30.0,6804.36,21.56,1029.59,19.88,1.3,0.57860076,77.014496,4050.4773,0.019013684,30.239166,1444.0604,0.020940375,kde_direct_KDE7215XF_135,apc_propellers_18x10E
0.71398056,0.4572,13000.0,1000.0,0.88,89.47369,4636.8423,51.8,6268.38,53.45,3955.05,76.35,5.09,30.0,6699.73,32.55,1600.67,30.9,2.04,0.58763677,74.861984,5539.437,0.013514368,45.589478,2241.8958,0.020335235,kde_direct_KDE7215XF_135,apc_propellers_18x12E
0.71901536,0.4572,12000.0,1000.0,0.88,89.47369,4636.8423,51.8,6239.52,57.39,4112.58,79.39,5.3,30.0,6693.22,32.88,1636.22,31.59,2.09,0.5882083,79.81749,5719.739,0.013954744,45.729202,2275.64,0.020095097,kde_direct_KDE7215XF_135,apc_propellers_18x12WE
0.79109085,0.4572,12000.0,1000.0,1.06,89.47369,4636.8423,44.4,5501.77,34.71,2302.81,51.87,3.45,30.0,5723.36,25.87,1266.13,28.52,1.88,0.68788403,43.876125,2910.93,0.01507289,32.70168,1600.4862,0.020432342,kde_direct_KDE7215XF_135,apc_propellers_18x14
0.79109085,0.4572,12000.0,1000.0,1.06,89.47369,4636.8423,51.8,6194.61,45.13,4357.71,84.13,5.61,30.0,6576.67,42.43,2272.39,43.87,2.91,0.5986324,57.04781,5508.4824,0.010356357,53.634804,2872.4768,0.01867197,kde_direct_KDE7215XF_135,apc_propellers_18x14
0.72300696,0.4826,12000.0,1000.0,0.73,89.47369,4636.8423,51.8,6408.75,66.14,3188.9,61.56,4.1,30.0,6769.31,25.19,1220.94,23.57,1.55,0.5509863,91.479065,4410.6074,0.020740693,34.840603,1688.6974,0.020631645,kde_direct_KDE7215XF_135,apc_propellers_19x10E
0.7721308,0.4826,10000.0,1000.0,0.79,89.47369,4636.8423,51.8,6373.43,69.04,3381.66,65.28,4.35,30.0,6685.57,33.95,1677.99,32.39,2.14,0.5578877,89.41491,4379.647,0.020416008,43.969234,2173.194,0.02023254,kde_direct_KDE7215XF_135,apc_propellers_19x11
0.72300696,0.4826,12000.0,1000.0,0.84,89.47369,4636.8423,44.4,5398.99,48.43,2783.69,62.7,4.18,30.0,5785.97,20.52,973.23,21.92,1.44,0.64462775,66.98414,3850.1565,0.01739777,28.38147,1346.0865,0.02108443,kde_direct_KDE7215XF_135,apc_propellers_19x12E
0.7519914,0.4826,12000.0,1000.0,0.84,89.47369,4636.8423,44.4,5368.57,52.04,2926.0,65.9,4.39,30.0,5774.27,21.6,1027.97,23.15,1.52,0.6459339,69.20292,3891.0022,0.017785372,28.723734,1366.9971,0.021012286,kde_direct_KDE7215XF_135,apc_propellers_19x12WE
0.7519914,0.4826,12000.0,1000.0,0.84,89.47369,4636.8423,51.8,6175.69,68.77,4460.95,86.12,5.75,30.0,6627.27,39.68,1996.2,38.54,2.55,0.5627954,91.450516,5932.1826,0.015415999,52.766563,2654.5518,0.019877767,kde_direct_KDE7215XF_135,apc_propellers_19x12WE
0.7709968,0.5207,11000.0,1000.0,0.78,89.47369,4636.8423,44.4,5391.81,73.69,2817.27,63.45,4.23,30.0,5711.25,27.2,1322.82,29.79,1.97,0.6052764,95.57757,3654.062,0.026156528,35.279007,1715.7269,0.020562133,kde_direct_KDE7215XF_135,apc_propellers_20_5x12WE
0.7709968,0.5207,11000.0,1000.0,0.78,89.47369,4636.8423,51.8,6346.95,100.96,3526.21,68.07,4.54,30.0,6522.91,49.54,2565.82,49.53,3.29,0.5299606,130.94737,4573.5728,0.028631307,64.254486,3327.9255,0.019307667,kde_direct_KDE7215XF_135,apc_propellers_20_5x12WE
0.7359796,0.508,11000.0,1000.0,0.7,89.47369,4636.8423,51.8,6415.88,78.75,3149.99,60.81,4.05,30.0,6728.87,29.35,1441.62,27.83,1.83,0.5265828,107.000244,4279.996,0.025000079,39.87882,1958.777,0.020359041,kde_direct_KDE7215XF_135,apc_propellers_20x10E
0.7390187,0.508,11000.0,1000.0,0.75,89.47369,4636.8423,51.8,6279.15,77.23,3896.27,75.22,5.02,30.0,6663.56,36.28,1798.1,34.71,2.3,0.5317439,104.50345,5272.221,0.01982152,49.09213,2433.0913,0.020176854,kde_direct_KDE7215XF_135,apc_propellers_20x11E
0.8310975,0.508,11000.0,1000.0,0.87,89.47369,4636.8423,44.4,5276.38,48.45,3357.29,75.61,5.04,30.0,5708.34,27.79,1336.43,30.1,1.99,0.6207246,58.296413,4039.5864,0.014431282,33.437714,1608.0304,0.020794205,kde_direct_KDE7215XF_135,apc_propellers_20x12
0.7709968,0.508,11000.0,1000.0,0.81,89.47369,4636.8423,44.4,5301.22,60.77,3241.05,73.0,4.87,30.0,5741.77,24.55,1180.01,26.58,1.75,0.6171106,78.820045,4203.714,0.018750096,31.841896,1530.4993,0.020804908,kde_direct_KDE7215XF_135,apc_propellers_20x12WE
0.7709968,0.508,11000.0,1000.0,0.81,89.47369,4636.8423,51.8,6230.76,82.52,4160.37,80.32,5.36,30.0,6571.07,45.25,2302.91,44.46,2.95,0.5392283,107.03027,5396.0923,0.019834774,58.690258,2986.9255,0.019649053,kde_direct_KDE7215XF_135,apc_propellers_20x12WE
0.7380208,0.508,11000.0,1000.0,0.86,89.47369,4636.8423,44.4,5225.97,55.44,3593.12,80.93,5.4,30.0,5700.28,28.34,1374.14,30.95,2.04,0.6216023,75.119835,4868.589,0.015429487,38.4,1861.9259,0.020623809,kde_direct_KDE7215XF_135,apc_propellers_20x13E
0.8399878,0.508,11000.0,1000.0,0.97,89.47369,4636.8423,44.4,5159.11,47.1,3905.92,87.97,5.87,30.0,5609.68,36.02,1798.01,40.5,2.68,0.63164157,56.072243,4649.972,0.0120586185,42.881573,2140.519,0.020033259,kde_direct_KDE7215XF_135,apc_propellers_20x14
0.8651167,0.5334,11000.0,1000.0,0.69,89.47369,4636.8423,51.8,6419.63,105.36,3129.52,60.42,4.02,30.0,6627.69,39.53,1993.92,38.49,2.55,0.50916356,121.78703,3617.454,0.033666506,45.693256,2304.7988,0.019825269,kde_direct_KDE7215XF_135,apc_propellers_21x10W
0.7871446,0.5334,11000.0,1000.0,0.77,89.47369,4636.8423,44.4,5300.34,72.47,3245.18,73.09,4.87,30.0,5695.88,28.83,1394.72,31.41,2.07,0.5924595,92.06695,4122.724,0.02233158,36.626053,1771.8727,0.020670816,kde_direct_KDE7215XF_135,apc_propellers_21x12WE
0.7871446,0.5334,11000.0,1000.0,0.77,89.47369,4636.8423,51.8,6270.23,99.83,3944.97,76.16,5.08,30.0,6502.87,51.87,2675.16,51.64,3.43,0.51893675,126.82549,5011.7476,0.025305642,65.89641,3398.5623,0.019389495,kde_direct_KDE7215XF_135,apc_propellers_21x12WE
0.7680031,0.5334,11000.0,1000.0,0.82,89.47369,4636.8423,44.4,5172.08,70.26,3845.26,86.6,5.78,30.0,5631.24,34.66,1697.11,38.22,2.53,0.5992602,91.48401,5006.8286,0.018271847,45.130028,2209.7698,0.020422954,kde_direct_KDE7215XF_135,apc_propellers_21x13WE
0.7680031,0.5334,11000.0,1000.0,0.82,89.47369,4636.8423,51.8,6182.17,97.99,4425.58,85.44,5.7,30.0,6424.34,58.67,3103.79,59.92,3.99,0.5252801,127.59063,5762.4507,0.02214173,76.39292,4041.377,0.018902697,kde_direct_KDE7215XF_135,apc_propellers_21x13WE
0.873871,0.5588,10000.0,1000.0,0.71,89.47369,4636.8423,44.4,5221.27,67.24,3615.12,81.42,5.43,30.0,5737.57,24.82,1199.66,27.02,1.78,0.5614203,76.94499,4136.9033,0.01859966,28.40236,1372.8113,0.020689195,kde_direct_KDE7215XF_135,apc_propellers_22x10
0.77598625,0.5588,10000.0,1000.0,0.75,89.47369,4636.8423,44.4,5237.32,78.13,3540.0,79.73,5.32,30.0,5660.81,31.96,1558.8,35.11,2.32,0.5690331,100.68477,4561.9365,0.022070622,41.186295,2008.7983,0.020502951,kde_direct_KDE7215XF_135,apc_propellers_22x12E
0.77598625,0.5588,10000.0,1000.0,0.75,89.47369,4636.8423,51.8,6194.74,107.93,4356.97,84.11,5.61,30.0,6454.08,56.56,2941.48,56.79,3.78,0.49909332,139.08751,5614.7515,0.024771802,72.887886,3790.634,0.019228416,kde_direct_KDE7215XF_135,apc_propellers_22x12E
0.7979854,0.5588,8000.0,1000.0,0.75,89.47369,4636.8423,44.4,5368.57,95.06,2926.0,65.9,4.39,30.0,5619.29,35.12,1753.04,39.48,2.62,0.5732376,119.124985,3666.734,0.032488037,44.01083,2196.8323,0.02003377,kde_direct_KDE7215XF_135,apc_propellers_22x12WE
0.7979854,0.5588,8000.0,1000.0,0.75,89.47369,4636.8423,51.8,6214.67,128.27,4248.22,82.01,5.47,30.0,6383.0,62.21,3329.45,64.28,4.28,0.5046511,160.7423,5323.681,0.030193822,77.95882,4172.3193,0.018684767,kde_direct_KDE7215XF_135,apc_propellers_22x12WE
0.8801305,0.5588,10000.0,1000.0,0.61,89.47369,4636.8423,51.8,6354.91,94.65,3482.76,67.23,4.48,30.0,6713.81,30.55,1523.87,29.42,1.94,0.47978544,107.54086,3957.0947,0.027176721,34.71076,1731.4136,0.020047642,kde_direct_KDE7215XF_135,apc_propellers_22x8
0.80401814,0.6096,9000.0,1000.0,0.7,89.47369,4636.8423,44.4,5239.51,107.85,3529.79,79.5,5.3,30.0,5556.99,40.69,2044.5,46.05,3.06,0.53135884,134.13876,4390.187,0.030554226,50.60831,2542.853,0.019902177,kde_direct_KDE7215XF_135,apc_propellers_24x12E
0.8631209,0.635,9000.0,1000.0,0.7,89.47369,4636.8423,44.4,5180.8,124.83,3804.43,85.69,5.72,30.0,5453.84,49.13,2527.08,56.92,3.79,0.51975226,144.62631,4407.7603,0.03281175,56.92134,2927.84,0.01944141,kde_direct_KDE7215XF_135,apc_propellers_25x12_5E
0.94991535,0.4064,13999.0,1000.0,1.1,115.789474,5994.737,51.8,5933.32,35.53,3058.27,59.04,4.4,30.0,6111.85,23.09,1126.79,21.75,1.58,0.7246797,37.40333,3219.5183,0.011617679,24.307428,1186.2004,0.02049184,kde_direct_KDE8218XF_120,apc_propellers_16x14
0.9649292,0.4318,11000.0,1000.0,0.93,115.789474,5994.737,51.8,5910.01,44.45,3310.43,63.91,4.77,30.0,6124.11,20.79,994.11,19.19,1.39,0.6806861,46.065556,3430.749,0.0134272585,21.545622,1030.2413,0.020913178,kde_direct_KDE8218XF_120,apc_propellers_17x12
0.97794724,0.4318,11000.0,1000.0,0.93,115.789474,5994.737,51.8,5930.3,47.02,3090.86,59.67,4.45,30.0,6121.76,21.13,1019.6,19.68,1.42,0.6809474,48.080303,3160.559,0.0152125945,21.606483,1042.592,0.020723814,kde_direct_KDE8218XF_120,apc_propellers_17x12W
0.9629334,0.4318,13000.0,1000.0,1.0,115.789474,5994.737,51.8,5867.39,44.54,3771.52,72.81,5.44,30.0,6103.77,25.11,1214.17,23.44,1.71,0.6829544,46.254498,3916.6987,0.011809562,26.07657,1260.9076,0.020680794,kde_direct_KDE8218XF_120,apc_propellers_17x13
0.9898766,0.4572,12000.0,1000.0,0.93,115.789474,5994.737,51.8,5966.75,40.69,2696.61,52.06,3.87,30.0,6110.99,23.58,1136.1,21.93,1.59,0.6442504,41.106133,2724.188,0.015089316,23.82115,1147.7188,0.020755215,kde_direct_KDE8218XF_120,apc_propellers_18x12
0.91898054,0.4572,13000.0,1000.0,0.88,115.789474,5994.737,51.8,5939.46,47.7,2991.83,57.76,4.3,30.0,6118.83,22.09,1051.29,20.3,1.47,0.6434249,51.905342,3255.5967,0.01594342,24.037506,1143.9742,0.02101228,kde_direct_KDE8218XF_120,apc_propellers_18x12E
0.9240154,0.4572,12000.0,1000.0,0.88,115.789474,5994.737,51.8,5909.29,51.52,3318.24,64.06,4.78,30.0,6117.52,22.21,1065.46,20.57,1.49,0.64356273,55.75665,3591.1091,0.015526303,24.036396,1153.076,0.020845456,kde_direct_KDE8218XF_120,apc_propellers_18x12WE
0.9960908,0.4572,12000.0,1000.0,1.06,115.789474,5994.737,51.8,5916.13,40.76,3244.17,62.63,4.67,30.0,6068.41,32.43,1596.71,30.82,2.27,0.6487709,40.919964,3256.9019,0.012564076,32.55727,1602.9763,0.020310514,kde_direct_KDE8218XF_120,apc_propellers_18x14
0.92800695,0.4826,12000.0,1000.0,0.84,115.789474,5994.737,51.8,5864.2,57.75,3806.04,73.48,5.49,30.0,6099.5,26.41,1260.38,24.33,1.78,0.6114922,62.230137,4101.305,0.015173251,28.458838,1358.158,0.020953998,kde_direct_KDE8218XF_120,apc_propellers_19x12E
0.9569914,0.4826,12000.0,1000.0,0.84,115.789474,5994.737,51.8,5870.34,62.36,3739.65,72.19,5.4,30.0,6092.66,27.87,1334.43,25.76,1.88,0.61217874,65.16255,3907.7156,0.016675357,29.12252,1394.4012,0.020885322,kde_direct_KDE8218XF_120,apc_propellers_19x12WE
0.9759968,0.5207,11000.0,1000.0,0.78,115.789474,5994.737,51.8,5940.25,88.66,2983.31,57.59,4.29,30.0,6052.57,36.34,1768.11,34.13,2.52,0.5711433,90.84046,3056.6802,0.029718667,37.23373,1811.5941,0.02055302,kde_direct_KDE8218XF_120,apc_propellers_20_5x12WE
0.96805894,0.5207,11000.0,1000.0,0.89,115.789474,5994.737,44.4,4938.09,53.92,3615.72,81.44,6.09,30.0,5200.62,25.22,1181.25,26.6,1.95,0.6647063,55.699085,3735.0205,0.014912659,26.052132,1220.2252,0.021350265,kde_direct_KDE8218XF_120,apc_propellers_20_5x14E
0.96805894,0.5207,11000.0,1000.0,0.89,115.789474,5994.737,51.8,5709.56,71.85,5479.05,105.77,7.93,30.0,6008.92,45.23,2240.32,43.25,3.21,0.5752922,74.22069,5659.831,0.013113587,46.72236,2314.2393,0.02018908,kde_direct_KDE8218XF_120,apc_propellers_20_5x14E
1.0309719,0.508,11000.0,1000.0,0.76,115.789474,5994.737,51.8,5876.4,59.22,3674.02,70.93,5.3,30.0,6114.34,22.91,1099.87,21.23,1.54,0.5795077,57.440945,3563.647,0.016118584,22.22175,1066.8282,0.020829735,kde_direct_KDE8218XF_120,apc_propellers_20x10
0.9440187,0.508,11000.0,1000.0,0.75,115.789474,5994.737,51.8,5914.2,68.73,3265.06,63.03,4.7,30.0,6108.76,24.21,1160.23,22.4,1.63,0.58003706,72.80576,3458.6814,0.02105015,25.645678,1229.0328,0.020866552,kde_direct_KDE8218XF_120,apc_propellers_20x11E
1.0360975,0.508,11000.0,1000.0,0.87,115.789474,5994.737,51.8,5771.42,58.75,4809.83,92.85,6.96,30.0,6056.82,35.66,1722.13,33.25,2.45,0.5850111,56.70316,4642.2563,0.012214569,34.41761,1662.1312,0.020706914,kde_direct_KDE8218XF_120,apc_propellers_20x12
0.9759968,0.508,11000.0,1000.0,0.81,115.789474,5994.737,51.8,5878.32,73.95,3653.27,70.53,5.27,30.0,6073.33,31.96,1543.5,29.8,2.19,0.5834208,75.76869,3743.1167,0.02024214,32.74601,1581.4601,0.020706188,kde_direct_KDE8218XF_120,apc_propellers_20x12WE
0.9430208,0.508,11000.0,1000.0,0.86,115.789474,5994.737,51.8,5788.2,68.04,4628.22,89.35,6.69,30.0,6051.24,36.59,1782.49,34.41,2.54,0.5855506,72.151115,4907.866,0.014701116,38.800842,1890.1917,0.020527465,kde_direct_KDE8218XF_120,apc_propellers_20x13E
1.0449878,0.508,11000.0,1000.0,0.97,115.789474,5994.737,44.4,4994.8,43.9,3089.84,69.59,5.2,30.0,5193.64,26.2,1245.96,28.06,2.06,0.68223965,42.01006,2956.819,0.014207856,25.072062,1192.3201,0.021027962,kde_direct_KDE8218XF_120,apc_propellers_20x14
1.0449878,0.508,11000.0,1000.0,0.97,115.789474,5994.737,51.8,5681.39,58.11,5783.76,111.66,8.38,30.0,6003.65,45.84,2297.35,44.35,3.29,0.59019214,55.608303,5534.763,0.010047098,43.86654,2198.4465,0.019953424,kde_direct_KDE8218XF_120,apc_propellers_20x14
0.9960908,0.508,11000.0,1000.0,1.02,115.789474,5994.737,44.4,4941.06,44.85,3588.19,80.82,6.05,30.0,5172.62,30.09,1440.89,32.45,2.39,0.68501204,45.026016,3602.272,0.012499338,30.208088,1446.5448,0.020882927,kde_direct_KDE8218XF_120,apc_propellers_20x15C
0.9629334,0.508,11000.0,1000.0,0.96,115.789474,5994.737,44.4,4931.09,50.57,3680.61,82.9,6.2,30.0,5187.8,27.38,1300.1,29.28,2.15,0.68300766,52.516613,3822.2893,0.01373957,28.43395,1350.1453,0.02105992,kde_direct_KDE8218XF_120,apc_propellers_20x15E
0.9921446,0.5334,11000.0,1000.0,0.77,115.789474,5994.737,51.8,5892.53,88.65,3499.56,67.56,5.05,30.0,6046.02,37.92,1838.97,35.5,2.62,0.5581487,89.3519,3527.268,0.025331756,38.220234,1853.5303,0.020620238,kde_direct_KDE8218XF_120,apc_propellers_21x12WE
0.97513497,0.5334,11000.0,1000.0,0.82,115.789474,5994.737,44.4,4941.97,60.04,3579.75,80.62,6.03,30.0,5218.05,21.53,1019.61,22.96,1.67,0.6467125,61.570965,3671.0303,0.016772121,22.078995,1045.6091,0.021115918,kde_direct_KDE8218XF_120,apc_propellers_21x13E
0.97513497,0.5334,11000.0,1000.0,0.82,115.789474,5994.737,51.8,5779.63,80.81,4720.97,91.14,6.83,30.0,6020.61,43.24,2113.9,40.81,3.02,0.5605044,82.87058,4841.35,0.017117245,44.34258,2167.8025,0.020455083,kde_direct_KDE8218XF_120,apc_propellers_21x13E
0.9730031,0.5334,11000.0,1000.0,0.82,115.789474,5994.737,44.4,4968.29,65.1,3335.64,75.13,5.62,30.0,5211.83,22.68,1077.31,24.26,1.77,0.6474843,66.906265,3428.1904,0.019516494,23.309278,1107.201,0.021052437,kde_direct_KDE8218XF_120,apc_propellers_21x13WE
0.9730031,0.5334,11000.0,1000.0,0.82,115.789474,5994.737,51.8,5844.03,88.23,4024.25,77.69,5.81,30.0,6009.69,45.42,2231.96,43.09,3.19,0.56152284,90.678024,4135.9067,0.021924581,46.68022,2293.888,0.020349827,kde_direct_KDE8218XF_120,apc_propellers_21x13WE
1.078871,0.5588,10000.0,1000.0,0.71,115.789474,5994.737,51.8,5798.45,82.93,4517.33,87.21,6.53,30.0,6065.46,33.9,1628.64,31.44,2.31,0.5310707,76.86739,4187.09,0.01835819,31.421736,1509.578,0.020814912,kde_direct_KDE8218XF_120,apc_propellers_22x10
0.9809863,0.5588,10000.0,1000.0,0.75,115.789474,5994.737,51.8,5859.72,96.98,3854.44,74.41,5.56,30.0,6026.23,42.09,2053.02,39.63,2.93,0.53452796,98.85969,3929.1477,0.025160594,42.9058,2092.8123,0.020501506,kde_direct_KDE8218XF_120,apc_propellers_22x12E
1.0029854,0.5588,8000.0,1000.0,0.75,115.789474,5994.737,51.8,5897.63,115.11,3444.3,66.49,4.96,30.0,5997.21,47.57,2367.02,45.7,3.39,0.53711444,114.76737,3434.048,0.033420432,47.428406,2359.9746,0.020097,kde_direct_KDE8218XF_120,apc_propellers_22x12WE
1.0090182,0.6096,9000.0,1000.0,0.7,115.789474,5994.737,44.4,5003.79,98.27,3006.45,67.71,5.06,30.0,5184.71,27.44,1328.73,29.93,2.2,0.56951225,97.39171,2979.5798,0.03268639,27.194754,1316.8544,0.0206513,kde_direct_KDE8218XF_120,apc_propellers_24x12E
1.0090182,0.6096,9000.0,1000.0,0.7,115.789474,5994.737,51.8,5842.72,134.47,4038.36,77.96,5.83,30.0,5954.96,56.97,2824.12,54.52,4.06,0.49584815,133.26817,4002.267,0.033298172,56.460827,2798.8794,0.020172656,kde_direct_KDE8218XF_120,apc_propellers_24x12E
1.0540143,0.6604,8000.0,1000.0,0.69,115.789474,5994.737,44.4,4946.14,131.08,3541.02,79.75,5.97,30.0,5092.21,44.89,2186.48,49.25,3.66,0.53525305,124.36264,3359.556,0.037017584,42.589558,2074.4312,0.020530716,kde_direct_KDE8218XF_120,apc_propellers_26x13E
1.0540143,0.6604,8000.0,1000.0,0.69,115.789474,5994.737,51.8,5707.74,175.93,5498.71,106.15,7.96,30.0,5823.46,82.06,4246.76,81.98,6.14,0.46804148,166.91425,5216.922,0.03199478,77.85474,4029.1294,0.019322965,kde_direct_KDE8218XF_120,apc_propellers_26x13E
1.0590037,0.6604,7000.0,1000.0,0.78,115.789474,5994.737,44.4,4902.75,131.34,3943.44,88.82,6.65,30.0,4989.73,62.84,3136.81,70.65,5.28,0.5462462,124.022224,3723.726,0.033305947,59.338787,2962.0386,0.020033091,kde_direct_KDE8218XF_120,apc_propellers_26x15E
1.0590037,0.6604,7000.0,1000.0,0.78,115.789474,5994.737,51.8,5674.36,175.93,5859.81,113.12,8.49,30.0,5693.7,104.28,5650.61,109.09,8.19,0.47870818,166.12784,5533.323,0.030023158,98.4699,5335.779,0.018454645,kde_direct_KDE8218XF_120,apc_propellers_26x15E
1.0770112,0.6858,8000.0,1000.0,0.68,115.789474,5994.737,44.4,4884.99,147.82,4108.09,92.52,6.93,30.0,5049.08,52.47,2586.44,58.25,4.34,0.5198317,137.25018,3814.3425,0.035982657,48.71815,2401.4976,0.020286571,kde_direct_KDE8218XF_120,apc_propellers_27x13E
0.5579154,0.4064,13999.0,1000.0,1.1,72.210526,3347.3684,51.8,5911.52,35.24,3074.44,59.35,4.34,30.0,6099.67,22.92,1174.6,22.68,1.57,0.7261268,63.163704,5510.585,0.01146225,41.0815,2105.3372,0.019513026,t_motor_AntigravityMN8017KV120,apc_propellers_16x14
0.59787667,0.4572,12000.0,1000.0,0.93,72.210526,3347.3684,51.8,5946.9,40.4,2717.21,52.46,3.82,30.0,6098.84,23.37,1183.03,22.84,1.58,0.64553386,67.572464,4544.767,0.014868192,39.08833,1978.7192,0.01975436,t_motor_AntigravityMN8017KV120,apc_propellers_18x12
0.5269805,0.4572,13000.0,1000.0,0.88,72.210526,3347.3684,51.8,5917.84,47.33,3010.64,58.12,4.25,30.0,6107.21,21.89,1098.53,21.21,1.46,0.64464915,89.81357,5713.0005,0.01572091,41.538536,2084.5742,0.01992663,t_motor_AntigravityMN8017KV120,apc_propellers_18x12E
0.5320154,0.4572,12000.0,1000.0,0.88,72.210526,3347.3684,51.8,5886.06,51.09,3331.58,64.32,4.72,30.0,6105.85,22.01,1112.27,21.47,1.48,0.64479274,96.03106,6262.1875,0.015335066,41.370983,2090.6726,0.01978836,t_motor_AntigravityMN8017KV120,apc_propellers_18x12WE
0.6040908,0.4572,12000.0,1000.0,1.06,72.210526,3347.3684,51.8,5894.05,40.43,3250.91,62.76,4.6,30.0,6053.55,32.15,1640.35,31.67,2.25,0.6503635,66.927025,5381.492,0.0124365175,53.220474,2715.4028,0.019599475,t_motor_AntigravityMN8017KV120,apc_propellers_18x14
0.5839968,0.5207,11000.0,1000.0,0.78,72.210526,3347.3684,51.8,5914.94,87.94,3039.95,58.69,4.29,30.0,6037.14,35.93,1806.08,34.87,2.49,0.5726031,150.58302,5205.4224,0.028928107,61.52431,3092.6196,0.019893914,t_motor_AntigravityMN8017KV120,apc_propellers_20_5x12WE
0.5520187,0.508,11000.0,1000.0,0.75,72.210526,3347.3684,51.8,5890.01,68.16,3291.64,63.55,4.66,30.0,6096.58,23.98,1205.82,23.28,1.62,0.5811959,123.474075,5962.914,0.020707004,43.44056,2184.3826,0.019886881,t_motor_AntigravityMN8017KV120,apc_propellers_20x11E
0.65298784,0.508,11000.0,1000.0,0.97,72.210526,3347.3684,44.4,4971.8,43.46,3082.94,69.44,5.11,30.0,5179.97,25.89,1281.18,28.86,2.04,0.68404007,66.5556,4721.282,0.014096933,39.648518,1962.0273,0.020207934,t_motor_AntigravityMN8017KV120,apc_propellers_20x14
0.67811674,0.5334,11000.0,1000.0,0.69,72.210526,3347.3684,51.8,5972.51,90.35,2458.63,47.46,3.44,30.0,6089.53,24.73,1277.0,24.65,1.72,0.5541607,133.23665,3625.6738,0.036748108,36.468647,1883.1566,0.0193657,t_motor_AntigravityMN8017KV120,apc_propellers_21x10W
0.5869905,0.5588,10000.0,1000.0,0.65,72.210526,3347.3684,51.8,5938.48,93.87,2802.25,54.1,3.95,30.0,6088.48,24.92,1287.66,24.86,1.74,0.5290628,159.91742,4773.9272,0.033498082,42.45384,2193.664,0.019352935,t_motor_AntigravityMN8017KV120,apc_propellers_22x10E
0.6109854,0.5588,8000.0,1000.0,0.75,72.210526,3347.3684,44.4,5045.0,83.78,2449.37,55.17,4.03,30.0,5197.94,22.09,1125.63,25.35,1.77,0.6197048,137.12276,4008.8848,0.034204714,36.15471,1842.319,0.019624567,t_motor_AntigravityMN8017KV120,apc_propellers_22x12WE
0.61701816,0.6096,9000.0,1000.0,0.7,72.210526,3347.3684,44.4,4976.53,97.2,3041.95,68.51,5.04,30.0,5170.87,27.03,1359.99,30.63,2.17,0.5710366,157.53183,4930.082,0.03195319,43.807465,2204.1328,0.019875146,t_motor_AntigravityMN8017KV120,apc_propellers_24x12E
0.44099733,0.3302,13000.0,1000.0,1.33,40.0,1894.7368,51.8,8496.11,35.07,1242.44,23.99,1.22,30.0,8344.11,32.17,1851.85,35.75,1.85,0.65330416,79.52429,2817.3413,0.028226715,72.94829,4199.2314,0.017371817,t_motor_P60KV170,apc_propellers_13x14
0.72801536,0.4572,12000.0,1000.0,0.88,73.68421,3789.4736,51.8,5929.81,51.91,3422.1,66.06,4.84,30.0,6121.19,22.27,1133.7,21.89,1.5,0.64317685,71.30344,4700.5874,0.015169049,30.590014,1557.2473,0.019643644,t_motor_P80IIIKV120,apc_propellers_18x12WE
0.7799968,0.5207,11000.0,1000.0,0.78,73.68421,3789.4736,51.8,5961.08,89.25,3048.26,58.85,4.29,30.0,6061.77,36.59,1844.25,35.6,2.53,0.5702765,114.423546,3908.0417,0.029279,46.91045,2364.4329,0.019840043,t_motor_P80IIIKV120,apc_propellers_20_5x12WE
0.8489878,0.508,11000.0,1000.0,0.97,73.68421,3789.4736,44.4,5016.1,44.31,3196.73,72.0,5.28,30.0,5200.36,26.35,1308.24,29.46,2.07,0.68135804,52.191563,3765.3425,0.01386104,31.036959,1540.9408,0.020141564,t_motor_P80IIIKV120,apc_propellers_20x14
0.7961446,0.5334,11000.0,1000.0,0.77,73.68421,3789.4736,51.8,5917.71,89.37,3566.82,68.86,5.05,30.0,6055.8,38.19,1915.65,36.98,2.64,0.5572473,112.25348,4480.1157,0.025055932,47.968674,2406.1584,0.019935792,t_motor_P80IIIKV120,apc_propellers_21x12WE
0.8069854,0.5588,8000.0,1000.0,0.75,73.68421,3789.4736,51.8,5921.0,116.04,3527.5,68.1,4.99,30.0,6010.7,48.09,2454.93,47.39,3.42,0.535909,143.79442,4371.2065,0.03289582,59.592155,3042.0996,0.019589154,t_motor_P80IIIKV120,apc_propellers_22x12WE
0.8519805,0.4572,13000.0,1000.0,0.88,100.0,4800.0,51.8,6059.68,49.78,3228.55,62.33,4.59,30.0,6161.88,22.82,1117.81,21.58,1.51,0.63892967,58.428566,3789.4646,0.015418686,26.784649,1312.0135,0.020414919,t_motor_U12IIKV120,apc_propellers_18x12E
0.8570154,0.4572,12000.0,1000.0,0.88,100.0,4800.0,51.8,6043.66,53.98,3559.42,68.71,5.08,30.0,6161.1,22.97,1133.85,21.89,1.54,0.63901055,62.986034,4153.2744,0.015165392,26.802319,1323.0217,0.020258412,t_motor_U12IIKV120,apc_propellers_18x12WE
0.91013074,0.4826,10000.0,1000.0,0.79,100.0,4800.0,51.8,6068.56,62.99,3045.23,58.79,4.32,30.0,6161.21,22.89,1131.55,21.84,1.53,0.6053676,69.20983,3345.9258,0.020684808,25.150232,1243.2828,0.020228889,t_motor_U12IIKV120,apc_propellers_19x11
0.88999134,0.4826,12000.0,1000.0,0.84,100.0,4800.0,51.8,6023.38,65.66,3978.36,76.8,5.69,30.0,6147.36,29.01,1417.76,27.37,1.95,0.6067315,73.77599,4470.111,0.016504288,32.59582,1593.0042,0.020461855,t_motor_U12IIKV120,apc_propellers_19x12WE
0.9089968,0.5207,11000.0,1000.0,0.78,100.0,4800.0,51.8,6068.17,92.4,3053.24,58.94,4.34,30.0,6124.77,38.27,1884.18,36.37,2.63,0.56441057,101.65052,3358.9119,0.030262934,42.10136,2072.8125,0.020311223,t_motor_U12IIKV120,apc_propellers_20_5x12WE
0.901059,0.5207,11000.0,1000.0,0.89,100.0,4800.0,44.4,5105.57,57.7,3937.8,88.69,6.59,30.0,5256.51,26.56,1265.66,28.51,2.04,0.6576388,64.03577,4370.1914,0.014652852,29.476429,1404.6361,0.020985099,t_motor_U12IIKV120,apc_propellers_20_5x14E
0.9089968,0.508,11000.0,1000.0,0.81,100.0,4800.0,51.8,6034.9,77.72,3740.35,72.21,5.34,30.0,6136.48,33.44,1642.41,31.71,2.28,0.5774169,85.500854,4114.811,0.020778805,36.787807,1806.838,0.020360325,t_motor_U12IIKV120,apc_propellers_20x12WE
0.9779878,0.508,11000.0,1000.0,0.97,100.0,4800.0,44.4,5132.88,46.58,3454.28,77.8,5.76,30.0,5252.82,27.53,1330.94,29.98,2.15,0.6745533,47.628403,3532.0276,0.01348472,28.149635,1360.8962,0.02068463,t_motor_U12IIKV120,apc_propellers_20x14
0.92909086,0.508,11000.0,1000.0,1.02,100.0,4800.0,44.4,5098.74,48.06,4058.72,91.41,6.79,30.0,5240.99,31.83,1540.38,34.69,2.5,0.67607594,51.72799,4368.486,0.011841171,34.2593,1657.9434,0.020663733,t_motor_U12IIKV120,apc_propellers_20x15C
0.8959334,0.508,11000.0,1000.0,0.96,100.0,4800.0,44.4,5099.17,54.2,4051.13,91.24,6.78,30.0,5249.75,28.69,1385.31,31.2,2.24,0.6749478,60.495567,4521.6865,0.013378983,32.02247,1546.2198,0.020710167,t_motor_U12IIKV120,apc_propellers_20x15E
0.9251446,0.5334,11000.0,1000.0,0.77,100.0,4800.0,51.8,6044.31,93.05,3545.99,68.46,5.06,30.0,6121.06,39.97,1960.83,37.85,2.74,0.5513062,100.57887,3832.9036,0.02624091,43.204056,2119.4849,0.020384224,t_motor_U12IIKV120,apc_propellers_21x12WE
0.908135,0.5334,11000.0,1000.0,0.82,100.0,4800.0,44.4,5112.56,64.18,3813.94,85.9,6.37,30.0,5266.19,22.62,1094.16,24.64,1.74,0.6408007,70.67232,4199.75,0.016827742,24.908192,1204.8429,0.020673394,t_motor_U12IIKV120,apc_propellers_21x13E
0.9060031,0.5334,11000.0,1000.0,0.82,100.0,4800.0,44.4,5132.79,69.27,3455.84,77.83,5.76,30.0,5262.64,23.9,1157.05,26.06,1.85,0.64123297,76.456696,3814.38,0.02004433,26.3796,1277.0928,0.020655978,t_motor_U12IIKV120,apc_propellers_21x13WE
0.9060031,0.5334,11000.0,1000.0,0.82,100.0,4800.0,51.8,6021.66,93.27,4013.81,77.49,5.74,30.0,6100.42,48.21,2387.12,46.08,3.36,0.55317146,102.94667,4430.239,0.023237273,53.21174,2634.7812,0.020195885,t_motor_U12IIKV120,apc_propellers_21x13WE
0.91398627,0.5588,10000.0,1000.0,0.75,100.0,4800.0,44.4,5149.47,75.62,3160.66,71.19,5.26,30.0,5269.94,20.97,1027.84,23.15,1.63,0.6112381,82.73647,3458.1045,0.023925383,22.94345,1124.5684,0.020402009,t_motor_U12IIKV120,apc_propellers_22x12E
0.91398627,0.5588,10000.0,1000.0,0.75,100.0,4800.0,51.8,6026.89,102.36,3905.91,75.4,5.58,30.0,6109.78,44.55,2193.87,42.35,3.08,0.52721834,111.99293,4273.489,0.026206441,48.742527,2400.3315,0.020306582,t_motor_U12IIKV120,apc_propellers_22x12E
0.9359854,0.5588,8000.0,1000.0,0.75,100.0,4800.0,51.8,6041.28,120.93,3608.64,69.66,5.15,30.0,6091.97,51.28,2561.63,49.45,3.62,0.5287597,129.20073,3855.4448,0.03351124,54.787178,2736.827,0.020018503,t_motor_U12IIKV120,apc_propellers_22x12WE
0.94201815,0.6096,9000.0,1000.0,0.7,100.0,4800.0,44.4,5151.07,104.2,3132.23,70.55,5.21,30.0,5247.0,29.28,1434.05,32.3,2.32,0.5627513,110.61358,3325.021,0.033267032,31.082205,1522.3168,0.020417698,t_motor_U12IIKV120,apc_propellers_24x12E
0.94201815,0.6096,9000.0,1000.0,0.7,100.0,4800.0,51.8,6013.99,142.58,4172.27,80.55,5.97,30.0,6068.21,61.37,3052.54,58.93,4.34,0.48659423,151.3559,4429.076,0.034173243,65.14736,3240.426,0.020104568,t_motor_U12IIKV120,apc_propellers_24x12E
1.0011209,0.635,9000.0,1000.0,0.7,100.0,4800.0,44.4,5137.14,122.67,3378.8,76.1,5.63,30.0,5220.5,39.04,1903.17,42.86,3.12,0.54298353,122.53265,3375.0168,0.03630579,38.99629,1901.0391,0.020513143,t_motor_U12IIKV120,apc_propellers_25x12_5E
0.9870143,0.6604,8000.0,1000.0,0.69,100.0,4800.0,44.4,5114.95,140.38,3771.64,84.95,6.3,30.0,5191.86,49.62,2410.1,54.28,3.98,0.52497965,142.22691,3821.262,0.037219882,50.27283,2441.8086,0.020588357,t_motor_U12IIKV120,apc_propellers_26x13E
0.99200374,0.6604,7000.0,1000.0,0.78,100.0,4800.0,44.4,5099.51,141.83,4045.06,91.1,6.77,30.0,5131.01,70.29,3487.4,78.55,5.82,0.53120553,142.97325,4077.666,0.03506252,70.85658,3515.5107,0.020155417,t_motor_U12IIKV120,apc_propellers_26x15E
1.0100113,0.6858,8000.0,1000.0,0.68,100.0,4800.0,44.4,5078.22,160.28,4421.91,99.59,7.41,30.0,5167.05,58.15,2849.31,64.17,4.73,0.5079633,158.6913,4378.0796,0.03624678,57.573616,2821.0674,0.02040845,t_motor_U12IIKV120,apc_propellers_27x13E
1.1229472,0.4318,11000.0,1000.0,0.93,124.210526,5956.8423,51.8,6584.72,56.85,3478.54,67.15,4.58,30.0,6668.01,30.65,1537.8,29.69,1.96,0.6251635,50.62571,3097.6877,0.016343063,27.294249,1369.4321,0.01993107,t_motor_U13IIKV130,apc_propellers_17x12W
1.073007,0.4826,12000.0,1000.0,0.84,124.210526,5956.8423,51.8,6525.22,71.09,4865.0,93.92,6.44,30.0,6653.39,37.93,1878.32,36.26,2.42,0.560586,66.25307,4533.9873,0.014612539,35.34926,1750.5199,0.020193577,t_motor_U13IIKV130,apc_propellers_19x12E
1.1019914,0.4826,12000.0,1000.0,0.84,124.210526,5956.8423,51.8,6544.68,76.55,4411.41,85.16,5.83,30.0,6648.29,40.18,1997.23,38.56,2.58,0.56101596,69.46516,4003.1257,0.017352728,36.461266,1812.3826,0.020117864,t_motor_U13IIKV130,apc_propellers_19x12WE
1.1130589,0.5207,11000.0,1000.0,0.89,124.210526,5956.8423,44.4,5528.78,67.46,4857.8,109.41,7.52,30.0,5683.49,36.39,1767.89,39.82,2.67,0.6082328,60.60775,4364.369,0.013886944,32.693687,1588.3165,0.02058386,t_motor_U13IIKV130,apc_propellers_20_5x14E
1.1759719,0.508,11000.0,1000.0,0.76,124.210526,5956.8423,51.8,6514.49,73.01,5114.92,98.74,6.78,30.0,6660.51,34.92,1712.52,33.06,2.2,0.53198737,62.084816,4349.526,0.0142739285,29.694588,1456.2593,0.020391002,t_motor_U13IIKV130,apc_propellers_20x10
1.1810975,0.508,11000.0,1000.0,0.87,124.210526,5956.8423,44.4,5572.84,54.48,3977.87,89.59,6.14,30.0,5705.34,27.72,1331.45,29.99,1.98,0.621051,46.12659,3367.9438,0.013695772,23.469698,1127.299,0.020819407,t_motor_U13IIKV130,apc_propellers_20x12
1.1209968,0.508,11000.0,1000.0,0.81,124.210526,5956.8423,51.8,6561.0,90.89,4031.18,77.82,5.32,30.0,6633.11,47.15,2351.0,45.39,3.06,0.5341849,81.07963,3596.0674,0.022546748,42.06078,2097.2407,0.020055296,t_motor_U13IIKV130,apc_propellers_20x12WE
1.0880208,0.508,11000.0,1000.0,0.86,124.210526,5956.8423,44.4,5571.71,63.03,4000.34,90.1,6.18,30.0,5703.26,28.41,1372.87,30.92,2.05,0.6212775,57.930878,3676.713,0.01575616,26.111633,1261.8049,0.020693874,t_motor_U13IIKV130,apc_propellers_20x13E
1.1079334,0.508,11000.0,1000.0,0.96,124.210526,5956.8423,44.4,5514.71,63.39,5138.76,115.74,7.97,30.0,5675.12,39.37,1935.01,43.58,2.93,0.6243581,57.21463,4638.149,0.012335661,35.534626,1746.5039,0.020346148,t_motor_U13IIKV130,apc_propellers_20x15E
1.1371446,0.5334,11000.0,1000.0,0.77,124.210526,5956.8423,44.4,5609.34,80.74,3248.76,73.17,5.0,30.0,5702.03,29.03,1397.42,31.47,2.09,0.5918205,71.0024,2856.9453,0.024852559,25.528856,1228.885,0.020773998,t_motor_U13IIKV130,apc_propellers_21x12WE
1.1371446,0.5334,11000.0,1000.0,0.77,124.210526,5956.8423,51.8,6569.58,109.14,3831.37,73.96,5.05,30.0,6613.76,56.0,2801.7,54.09,3.66,0.51023597,95.97724,3369.29,0.028485894,49.246155,2463.8027,0.019987864,t_motor_U13IIKV130,apc_propellers_21x12WE
1.120135,0.5334,11000.0,1000.0,0.82,124.210526,5956.8423,44.4,5554.5,75.02,4344.18,97.84,6.72,30.0,5689.79,34.2,1641.92,36.98,2.47,0.59309363,66.974075,3878.265,0.017269082,30.532036,1465.8234,0.020829273,t_motor_U13IIKV130,apc_propellers_21x13E
1.1180031,0.5334,11000.0,1000.0,0.82,124.210526,5956.8423,44.4,5581.81,81.01,3798.76,85.56,5.86,30.0,5684.95,36.12,1738.58,39.16,2.62,0.59359854,72.45955,3397.808,0.02132538,32.307602,1555.0762,0.020775575,t_motor_U13IIKV130,apc_propellers_21x13WE
1.1180031,0.5334,11000.0,1000.0,0.82,124.210526,5956.8423,51.8,6554.99,109.33,4171.21,80.53,5.51,30.0,6592.61,64.41,3294.75,63.61,4.33,0.5118729,97.79043,3730.9468,0.02621062,57.61165,2946.9954,0.019549282,t_motor_U13IIKV130,apc_propellers_21x13WE
1.223871,0.5588,10000.0,1000.0,0.71,124.210526,5956.8423,51.8,6503.3,103.62,5375.68,103.78,7.13,30.0,6626.5,50.76,2504.97,48.36,3.26,0.48610702,84.66579,4392.3584,0.0192757,41.47496,2046.7598,0.020263717,t_motor_U13IIKV130,apc_propellers_22x10
1.1239905,0.5588,10000.0,1000.0,0.65,124.210526,5956.8423,51.8,6585.53,116.81,3459.67,66.79,4.55,30.0,6647.96,40.3,2004.98,38.71,2.59,0.48453784,103.92437,3078.0242,0.033763334,35.854397,1783.8052,0.020099951,t_motor_U13IIKV130,apc_propellers_22x10E
1.1259863,0.5588,10000.0,1000.0,0.75,124.210526,5956.8423,44.4,5593.4,88.69,3567.17,80.34,5.5,30.0,5692.87,32.81,1580.38,35.59,2.37,0.5658285,78.7665,3168.0403,0.024862846,29.138899,1403.5518,0.02076083,t_motor_U13IIKV130,apc_propellers_22x12E
1.1259863,0.5588,10000.0,1000.0,0.75,124.210526,5956.8423,51.8,6551.84,120.23,4244.74,81.94,5.61,30.0,6600.09,62.07,3120.31,60.24,4.09,0.48805216,106.7775,3769.7974,0.028324468,55.125004,2771.1794,0.019892255,t_motor_U13IIKV130,apc_propellers_22x12E
1.1479853,0.5588,8000.0,1000.0,0.75,124.210526,5956.8423,44.4,5619.81,104.34,3039.66,68.46,4.67,30.0,5681.4,36.96,1809.5,40.75,2.73,0.5669709,90.889656,2647.821,0.034326207,32.19553,1576.2395,0.020425532,t_motor_U13IIKV130,apc_propellers_22x12WE
1.1540182,0.6096,9000.0,1000.0,0.7,124.210526,5956.8423,44.4,5589.13,122.91,3652.51,82.26,5.63,30.0,5662.26,45.2,2191.89,49.37,3.33,0.5214801,106.50613,3165.0369,0.03365083,39.167496,1899.3549,0.020621473,t_motor_U13IIKV130,apc_propellers_24x12E
1.1540182,0.6096,9000.0,1000.0,0.7,124.210526,5956.8423,51.8,6505.01,167.51,5335.91,103.01,7.08,30.0,6548.44,84.18,4323.96,83.47,5.71,0.45090982,145.1537,4623.766,0.031392958,72.94513,3746.8735,0.019468265,t_motor_U13IIKV130,apc_propellers_24x12E
1.2131209,0.635,9000.0,1000.0,0.7,124.210526,5956.8423,44.4,5561.74,144.5,4199.58,94.59,6.49,30.0,5632.72,56.31,2781.92,62.66,4.26,0.5032463,119.11426,3461.7983,0.034408204,46.417465,2293.1926,0.020241415,t_motor_U13IIKV130,apc_propellers_25x12_5E
1.1990143,0.6604,8000.0,1000.0,0.69,124.210526,5956.8423,44.4,5531.28,164.91,4807.96,108.29,7.45,30.0,5598.51,69.8,3465.09,78.04,5.34,0.48684755,137.53798,4009.9272,0.03429937,58.214485,2889.949,0.020143777,t_motor_U13IIKV130,apc_propellers_26x13E
1.2040038,0.6604,7000.0,1000.0,0.78,124.210526,5956.8423,44.4,5514.01,166.05,5152.8,116.05,7.99,30.0,5531.42,93.24,4805.02,108.22,7.44,0.49275246,137.91486,4279.7207,0.0322252,77.44162,3990.868,0.019404706,t_motor_U13IIKV130,apc_propellers_26x15E
0.30499735,0.3302,13000.0,1000.0,1.33,31.263159,1338.9474,51.8,7563.65,27.7,882.46,17.04,0.97,30.0,7467.94,23.57,1291.77,24.94,1.44,0.7299525,90.820465,2893.3367,0.031389523,77.27936,4235.348,0.018246282,t_motor_U8LiteKV150,apc_propellers_13x14
0.38605353,0.4064,13000.0,1000.0,1.24,48.210526,2252.6316,51.8,5240.99,27.58,2157.49,41.65,3.36,30.0,5483.06,20.31,1014.69,19.59,1.54,0.80778503,71.440865,5588.577,0.012783374,52.609283,2628.366,0.020015966,t_motor_U8LiteLKV110,apc_propellers_16x16
0.43309084,0.4572,12000.0,1000.0,1.06,48.210526,2252.6316,51.8,5298.11,31.95,1887.83,36.44,2.93,30.0,5471.01,21.79,1071.58,20.69,1.63,0.7196126,73.77206,4358.97,0.016924193,50.31277,2474.2615,0.02033446,t_motor_U8LiteLKV110,apc_propellers_18x14
0.326997,0.2794,21000.0,1000.0,1.15,47.36842,2210.5264,44.4,10389.79,23.82,1746.99,39.35,1.39,30.0,10606.37,21.39,1214.26,27.35,0.95,0.6074064,72.8447,5342.526,0.013634881,65.413445,3713.3672,0.017615667,t_motor_AT4120KV250,apc_propellers_11x10E
0.326997,0.2794,20000.0,1000.0,0.85,47.36842,2210.5264,51.8,12201.61,32.23,2147.73,41.46,1.47,30.0,12567.96,20.26,1096.39,21.17,0.73,0.5126032,98.56359,6568.0415,0.015006542,61.957752,3352.9053,0.018478826,t_motor_AT4120KV250,apc_propellers_11x7E
0.327997,0.2794,21000.0,1000.0,1.15,78.947365,1789.4736,22.2,10333.0,23.53,1707.0,76.89,1.36,30.0,10560.72,21.11,1200.21,54.06,0.94,0.61003196,71.73846,5204.316,0.013784417,64.360344,3659.2102,0.01758859,t_motor_AT4120KV500,apc_propellers_11x10E
0.31787145,0.3048,16000.0,2000.0,0.71,84.210526,1894.7368,22.8,12065.88,52.61,1880.68,82.49,1.3,30.0,12305.93,21.7,1237.7,54.28,0.84,0.47989154,165.50716,5916.48,0.027973924,68.266594,3893.7124,0.01753252,t_motor_AT4120KV560,apc_propellers_12x4_7SF
0.3700033,0.254,22000.0,1000.0,1.25,52.63158,2315.7896,51.8,12243.75,24.27,2265.25,43.73,1.55,30.0,12436.14,24.31,1648.15,31.82,1.12,0.5698403,65.59401,6122.242,0.010714049,65.70211,4454.4194,0.014749871,t_motor_AT4125KV250,apc_propellers_10x10E
0.37299702,0.2794,21000.0,1000.0,1.15,52.63158,2315.7896,44.4,10449.13,24.13,1789.38,40.3,1.42,30.0,10653.05,21.67,1228.77,27.67,0.97,0.6047448,64.69221,4797.3037,0.013485118,58.09698,3294.316,0.017635522,t_motor_AT4125KV250,apc_propellers_11x10E
0.37299702,0.2794,20000.0,1000.0,0.85,52.63158,2315.7896,51.8,12267.54,32.61,2188.94,42.26,1.5,30.0,12605.06,20.5,1106.37,21.36,0.74,0.51109445,87.42697,5868.519,0.014897621,54.960224,2966.163,0.018529063,t_motor_AT4125KV250,apc_propellers_11x7E
0.37599072,0.3048,19000.0,1000.0,0.88,52.63158,2315.7896,44.4,10365.25,31.35,2020.0,45.5,1.61,30.0,10716.91,20.06,1053.21,23.72,0.82,0.55104613,83.37972,5372.473,0.0155198015,53.352383,2801.1597,0.019046534,t_motor_AT4125KV250,apc_propellers_12x8E
0.42121363,0.3556,16000.0,1000.0,0.67,52.63158,2315.7896,44.4,10298.64,54.91,2203.11,49.62,1.76,30.0,10665.24,22.85,1195.26,26.92,0.94,0.47461355,130.3614,5230.386,0.024923857,54.24801,2837.6575,0.01911718,t_motor_AT4125KV250,apc_propellers_14x6
0.42597634,0.381,16000.0,1000.0,0.6,52.63158,2315.7896,44.4,10295.34,67.52,2212.19,49.82,1.77,30.0,10635.32,24.03,1277.5,28.77,1.01,0.44421884,158.50645,5193.2227,0.030521791,56.411587,2998.993,0.018810175,t_motor_AT4125KV250,apc_propellers_15x6
0.39499614,0.381,16000.0,1000.0,0.59,52.63158,2315.7896,44.4,10289.76,60.24,2227.54,50.17,1.78,30.0,10685.31,21.9,1140.07,25.68,0.89,0.4421406,152.50783,5639.397,0.027043285,55.44358,2886.2815,0.019209348,t_motor_AT4125KV250,apc_propellers_15x6E
0.42099735,0.3302,13000.0,1000.0,1.33,89.47369,2105.2632,14.8,7559.54,27.67,891.17,60.21,0.97,30.0,7374.44,22.68,1272.6,85.99,1.4,0.73920757,65.72488,2116.8066,0.03104907,53.872074,3022.822,0.017821781,t_motor_AT4125KV540,apc_propellers_13x14
0.4270054,0.3048,16000.0,1000.0,0.91,63.157894,2631.5789,51.8,11389.92,52.55,2070.74,39.98,1.52,30.0,11539.46,26.18,1479.87,28.57,1.07,0.51176673,123.06635,4849.447,0.025377402,61.310696,3465.6936,0.017690742,t_motor_AT4130KV230,apc_propellers_12x6SF
0.4270054,0.3048,15000.0,1000.0,1.07,63.157894,2631.5789,44.4,9493.3,39.26,2434.05,54.82,2.1,30.0,9816.32,24.08,1340.07,30.18,1.13,0.6016014,91.94263,5700.279,0.016129496,56.392727,3138.2974,0.01796921,t_motor_AT4130KV230,apc_propellers_12x8SF
0.4301352,0.3302,15000.0,2000.0,0.67,63.157894,2631.5789,51.8,11361.49,61.85,2183.05,42.14,1.6,30.0,11566.8,24.18,1371.87,26.48,0.99,0.47128347,143.792,5075.2646,0.02833192,56.214886,3189.3926,0.017625576,t_motor_AT4130KV230,apc_propellers_13x4_7SF
0.43199492,0.3302,18000.0,3000.0,0.67,63.157894,2631.5789,51.8,11341.66,50.46,2261.4,43.66,1.66,30.0,11633.41,20.77,1108.67,21.4,0.79,0.468585,116.80693,5234.7837,0.022313612,48.07927,2566.396,0.018734159,t_motor_AT4130KV230,apc_propellers_13x5_5MR
0.438073,0.3556,17000.0,3000.0,0.63,63.157894,2631.5789,51.8,11284.33,65.16,2487.95,48.03,1.84,30.0,11546.93,26.92,1450.35,28.0,1.05,0.43837342,148.74232,5679.304,0.026190236,61.450943,3310.7495,0.018561037,t_motor_AT4130KV230,apc_propellers_14x5_5MR
0.4851103,0.3556,15000.0,1000.0,0.74,63.157894,2631.5789,44.4,9443.88,49.16,2601.4,58.59,2.25,30.0,9854.45,23.1,1210.94,27.27,1.02,0.5136631,101.337776,5362.4917,0.018897517,47.61804,2496.2158,0.01907609,t_motor_AT4130KV230,apc_propellers_14x7
0.4851103,0.381,15000.0,1000.0,0.67,63.157894,2631.5789,44.4,9503.68,61.9,2398.88,54.03,2.07,30.0,9830.49,24.43,1292.07,29.1,1.09,0.4805874,127.599846,4945.0195,0.025803708,50.35968,2663.456,0.018907644,t_motor_AT4130KV230,apc_propellers_15x7
0.45299613,0.381,15000.0,1000.0,0.66,63.157894,2631.5789,44.4,9456.42,55.09,2558.94,57.63,2.22,30.0,9867.95,22.48,1165.21,26.24,0.98,0.478763,121.61252,5648.9224,0.021528445,49.62515,2572.2295,0.01929266,t_motor_AT4130KV230,apc_propellers_15x7E
0.43988106,0.2667,19000.0,1000.0,0.79,78.947365,3368.4211,51.8,14949.56,43.57,3353.57,64.74,1.9,30.0,15252.85,28.03,1630.96,31.49,0.89,0.44248495,99.0495,7623.8105,0.012992125,63.721767,3707.7295,0.017186197,t_motor_AT4130KV300,apc_propellers_10_5x6
0.41692942,0.254,19000.0,2000.0,1.05,78.947365,3368.4211,44.4,12718.58,34.84,2927.97,65.95,1.94,30.0,13020.26,24.49,1459.28,32.87,0.94,0.54427594,83.56331,7022.6997,0.011899029,58.73896,3500.065,0.016782248,t_motor_AT4130KV300,apc_propellers_10x7SF
0.42001382,0.2794,18000.0,2000.0,0.68,78.947365,3368.4211,51.8,15156.91,55.64,2175.86,42.01,1.21,30.0,15277.65,24.98,1490.1,28.77,0.81,0.42168635,132.47183,5180.448,0.025571499,59.47423,3547.7402,0.016763976,t_motor_AT4130KV300,apc_propellers_11x3_8SF
0.42001382,0.2794,18000.0,2000.0,0.76,78.947365,3368.4211,51.8,15081.81,62.09,2602.42,50.24,1.46,30.0,15193.53,32.41,1967.86,37.99,1.09,0.42402104,147.82846,6196.034,0.023858562,77.16412,4685.2266,0.016469667,t_motor_AT4130KV300,apc_propellers_11x4_7SF
0.42799702,0.2794,22000.0,1000.0,0.7,78.947365,3368.4211,51.8,15006.44,47.58,3030.51,58.5,1.71,30.0,15285.26,25.6,1446.91,27.93,0.79,0.42147642,111.169,7080.68,0.015700327,59.813503,3380.6545,0.017692877,t_motor_AT4130KV300,apc_propellers_11x5_5E
0.42799702,0.2794,20000.0,1000.0,0.94,78.947365,3368.4211,44.4,12656.89,35.77,3228.28,72.71,2.14,30.0,12983.77,28.42,1636.92,36.87,1.06,0.49618688,83.57535,7542.7627,0.011080204,66.402336,3824.6062,0.017361876,t_motor_AT4130KV300,apc_propellers_11x8E
0.45802468,0.3175,17000.0,1000.0,0.72,78.947365,3368.4211,44.4,12697.82,58.32,3029.04,68.22,2.01,30.0,12946.87,32.54,1816.54,40.91,1.18,0.43788895,127.329384,6613.268,0.019253625,71.044205,3966.031,0.017913176,t_motor_AT4130KV300,apc_propellers_12_5x6
0.42287144,0.3048,17000.0,2000.0,0.64,78.947365,3368.4211,51.8,14992.7,75.62,3108.54,60.01,1.76,30.0,15148.13,35.46,2225.77,42.97,1.24,0.38985088,178.82503,7351.0283,0.024326533,83.85527,5263.4673,0.015931565,t_motor_AT4130KV300,apc_propellers_12x3_8SF
0.4271352,0.3048,20000.0,2000.0,0.63,78.947365,3368.4211,51.8,15066.98,67.05,2686.66,51.87,1.51,30.0,15225.8,31.61,1784.61,34.45,0.98,0.38786218,156.97606,6289.952,0.024956638,74.00467,4178.092,0.017712554,t_motor_AT4130KV300,apc_propellers_12x4_5MR
0.42287144,0.3048,16000.0,2000.0,0.71,78.947365,3368.4211,44.4,12852.69,60.24,2275.05,51.24,1.49,30.0,12998.52,26.87,1565.11,35.25,1.01,0.45432186,142.45464,5380.004,0.026478538,63.54177,3701.1484,0.017168123,t_motor_AT4130KV300,apc_propellers_12x4_7SF
0.4271352,0.3048,19000.0,2000.0,0.71,78.947365,3368.4211,44.4,12794.68,51.47,2557.49,57.6,1.68,30.0,13038.08,25.22,1372.5,30.91,0.88,0.45294335,120.50049,5987.542,0.020125201,59.044537,3213.2683,0.018375227,t_motor_AT4130KV300,apc_propellers_12x5_5MR
0.45094866,0.3048,18000.0,1000.0,0.73,78.947365,3368.4211,44.4,12707.81,49.41,2980.38,67.13,1.97,30.0,13010.94,27.24,1504.61,33.89,0.97,0.45388818,109.569016,6609.134,0.016578423,60.405987,3336.544,0.01810436,t_motor_AT4130KV300,apc_propellers_12x6
0.4319886,0.3048,17000.0,1000.0,0.7,78.947365,3368.4211,44.4,12780.86,46.15,2624.74,59.12,1.73,30.0,13064.88,22.89,1242.03,27.97,0.79,0.45201424,106.83152,6075.9473,0.017582694,52.98751,2875.1453,0.018429507,t_motor_AT4130KV300,apc_propellers_12x6E
0.42400542,0.3048,16000.0,1000.0,0.91,78.947365,3368.4211,44.4,12749.55,66.41,2777.21,62.55,1.83,30.0,12855.53,37.95,2261.25,50.93,1.48,0.4593752,156.62535,6549.94,0.023912488,89.50357,5333.069,0.016782753,t_motor_AT4130KV300,apc_propellers_12x6SF
0.4271352,0.3302,15000.0,2000.0,0.67,78.947365,3368.4211,44.4,12677.24,78.89,3129.22,70.48,2.07,30.0,12864.9,37.54,2215.62,49.9,1.45,0.4237298,184.69562,7326.0645,0.025210755,87.88786,5187.163,0.01694334,t_motor_AT4130KV300,apc_propellers_13x4_7SF
0.4369781,0.3302,17000.0,1000.0,0.61,78.947365,3368.4211,44.4,12754.32,57.26,2753.96,62.03,1.82,30.0,13031.56,25.46,1404.27,31.63,0.9,0.41831076,131.03632,6302.2837,0.020791877,58.26379,3213.5935,0.018130416,t_motor_AT4130KV300,apc_propellers_13x5_5E
0.42899492,0.3302,18000.0,3000.0,0.67,78.947365,3368.4211,44.4,12709.85,64.09,2970.45,66.9,1.97,30.0,12959.67,31.88,1754.24,39.51,1.14,0.4206312,149.3957,6924.208,0.021575855,74.31323,4089.186,0.018173112,t_motor_AT4130KV300,apc_propellers_13x5_5MR
0.43507302,0.3556,17000.0,3000.0,0.63,78.947365,3368.4211,44.4,12639.02,83.58,3315.28,74.67,2.2,30.0,12843.45,41.6,2320.06,52.25,1.52,0.3941205,192.10568,7620.054,0.02521054,95.616135,5332.576,0.017930571,t_motor_AT4130KV300,apc_propellers_14x5_5MR
